unit,time,prob,ymin,ymax
I,0.0,95,0.0,5.0
I,0.0,87,0.0,4.0
I,0.0,75,0.0,4.0
I,0.0,62,1.0,3.0
I,0.0,50,1.0,3.0
I,0.0,37,1.0,3.0
I,0.0,25,1.0,2.0
I,0.0,12,2.0,2.0
I,0.0,0,2.0,2.0
I,1.0,95,0.0,5.0
I,1.0,87,0.0,4.0
I,1.0,75,0.0,4.0
I,1.0,62,1.0,3.0
I,1.0,50,1.0,3.0
I,1.0,37,1.0,3.0
I,1.0,25,1.0,2.0
I,1.0,12,2.0,2.0
I,1.0,0,2.0,2.0
I,2.0,95,0.0,5.0
I,2.0,87,0.0,4.0
I,2.0,75,0.0,3.0
I,2.0,62,0.0,3.0
I,2.0,50,1.0,3.0
I,2.0,37,1.0,2.0
I,2.0,25,1.0,2.0
I,2.0,12,1.0,2.0
I,2.0,0,2.0,2.0
I,3.0,95,0.0,5.0
I,3.0,87,0.0,4.0
I,3.0,75,0.0,3.0
I,3.0,62,0.0,3.0
I,3.0,50,1.0,3.0
I,3.0,37,1.0,2.0
I,3.0,25,1.0,2.0
I,3.0,12,1.0,2.0
I,3.0,0,2.0,2.0
I,4.0,95,0.0,4.0
I,4.0,87,0.0,3.0
I,4.0,75,0.0,2.0
I,4.0,62,0.0,2.0
I,4.0,50,0.0,2.0
I,4.0,37,0.0,1.0
I,4.0,25,1.0,1.0
I,4.0,12,1.0,1.0
I,4.0,0,1.0,1.0
I,5.0,95,0.0,4.0
I,5.0,87,0.0,3.0
I,5.0,75,0.0,2.0
I,5.0,62,0.0,2.0
I,5.0,50,0.0,2.0
I,5.0,37,0.0,1.0
I,5.0,25,1.0,1.0
I,5.0,12,1.0,1.0
I,5.0,0,1.0,1.0
I,6.0,95,0.0,5.0
I,6.0,87,0.0,4.0
I,6.0,75,0.0,3.0
I,6.0,62,0.0,3.0
I,6.0,50,1.0,2.0
I,6.0,37,1.0,2.0
I,6.0,25,1.0,2.0
I,6.0,12,1.0,2.0
I,6.0,0,1.0,1.0
I,7.0,95,0.0,4.0
I,7.0,87,0.0,3.0
I,7.0,75,0.0,3.0
I,7.0,62,0.0,2.0
I,7.0,50,0.0,2.0
I,7.0,37,1.0,2.0
I,7.0,25,1.0,1.0
I,7.0,12,1.0,1.0
I,7.0,0,1.0,1.0
I,8.0,95,0.0,4.0
I,8.0,87,0.0,3.0
I,8.0,75,0.0,2.0
I,8.0,62,0.0,2.0
I,8.0,50,0.0,2.0
I,8.0,37,0.0,1.0
I,8.0,25,1.0,1.0
I,8.0,12,1.0,1.0
I,8.0,0,1.0,1.0
I,9.0,95,0.0,5.0
I,9.0,87,0.0,4.0
I,9.0,75,0.0,4.0
I,9.0,62,1.0,3.0
I,9.0,50,1.0,3.0
I,9.0,37,1.0,2.0
I,9.0,25,1.0,2.0
I,9.0,12,2.0,2.0
I,9.0,0,2.0,2.0
I,10.0,95,0.0,5.0
I,10.0,87,0.0,4.0
I,10.0,75,0.0,3.0
I,10.0,62,0.0,3.0
I,10.0,50,1.0,2.0
I,10.0,37,1.0,2.0
I,10.0,25,1.0,2.0
I,10.0,12,1.0,2.0
I,10.0,0,1.0,1.0
I,11.0,95,0.0,6.0
I,11.0,87,0.0,5.0
I,11.0,75,1.0,5.0
I,11.0,62,1.0,4.0
I,11.0,50,1.0,4.0
I,11.0,37,2.0,3.0
I,11.0,25,2.0,3.0
I,11.0,12,2.0,3.0
I,11.0,0,2.0,2.0
I,12.0,95,0.0,6.0
I,12.0,87,0.0,5.0
I,12.0,75,1.0,4.0
I,12.0,62,1.0,4.0
I,12.0,50,1.0,3.0
I,12.0,37,1.0,3.0
I,12.0,25,2.0,3.0
I,12.0,12,2.0,2.0
I,12.0,0,2.0,2.0
I,13.0,95,0.0,7.0
I,13.0,87,0.0,6.0
I,13.0,75,1.0,5.0
I,13.0,62,1.0,4.0
I,13.0,50,1.0,4.0
I,13.0,37,2.0,3.0
I,13.0,25,2.0,3.0
I,13.0,12,2.0,3.0
I,13.0,0,3.0,3.0
I,14.0,95,0.0,7.0
I,14.0,87,1.0,6.0
I,14.0,75,1.0,5.0
I,14.0,62,1.0,5.0
I,14.0,50,2.0,4.0
I,14.0,37,2.0,4.0
I,14.0,25,2.0,4.0
I,14.0,12,3.0,3.0
I,14.0,0,3.0,3.0
I,15.0,95,0.0,9.0
I,15.0,87,1.0,8.0
I,15.0,75,2.0,7.0
I,15.0,62,2.0,6.0
I,15.0,50,2.0,5.0
I,15.0,37,3.0,5.0
I,15.0,25,3.0,5.0
I,15.0,12,4.0,4.0
I,15.0,0,4.0,4.0
I,16.0,95,1.0,12.0
I,16.0,87,2.0,10.0
I,16.0,75,3.0,9.0
I,16.0,62,3.0,8.0
I,16.0,50,4.0,7.0
I,16.0,37,4.0,7.0
I,16.0,25,5.0,6.0
I,16.0,12,5.0,6.0
I,16.0,0,5.0,5.0
I,17.0,95,1.0,12.0
I,17.0,87,2.0,10.0
I,17.0,75,3.0,9.0
I,17.0,62,4.0,8.0
I,17.0,50,4.0,7.0
I,17.0,37,4.0,7.0
I,17.0,25,5.0,6.0
I,17.0,12,5.0,6.0
I,17.0,0,6.0,6.0
I,18.0,95,2.0,14.0
I,18.0,87,3.0,12.0
I,18.0,75,4.0,11.0
I,18.0,62,4.0,10.0
I,18.0,50,5.0,9.0
I,18.0,37,5.0,8.0
I,18.0,25,6.0,8.0
I,18.0,12,6.0,7.0
I,18.0,0,7.0,7.0
I,19.0,95,3.0,17.0
I,19.0,87,4.0,15.0
I,19.0,75,5.0,13.0
I,19.0,62,6.0,12.0
I,19.0,50,6.0,11.0
I,19.0,37,7.0,11.0
I,19.0,25,8.0,10.0
I,19.0,12,8.0,9.0
I,19.0,0,9.0,9.0
I,20.0,95,4.0,24.0
I,20.0,87,5.0,21.0
I,20.0,75,6.0,18.0
I,20.0,62,7.0,16.0
I,20.0,50,8.0,15.0
I,20.0,37,8.0,14.0
I,20.0,25,9.0,12.0
I,20.0,12,10.0,11.0
I,20.0,0,11.0,11.0
I,21.0,95,8.0,29.0
I,21.0,87,9.0,26.0
I,21.0,75,11.0,23.0
I,21.0,62,12.0,22.0
I,21.0,50,13.0,20.0
I,21.0,37,14.0,19.0
I,21.0,25,15.0,18.0
I,21.0,12,16.0,17.0
I,21.0,0,16.0,16.0
I,22.0,95,11.0,32.0
I,22.0,87,13.0,29.0
I,22.0,75,14.0,27.0
I,22.0,62,16.0,25.0
I,22.0,50,17.0,24.0
I,22.0,37,18.0,23.0
I,22.0,25,18.0,22.0
I,22.0,12,19.0,21.0
I,22.0,0,20.0,20.0
I,23.0,95,13.0,37.0
I,23.0,87,15.0,33.0
I,23.0,75,17.0,31.0
I,23.0,62,19.0,29.0
I,23.0,50,20.0,28.0
I,23.0,37,21.0,26.0
I,23.0,25,22.0,25.0
I,23.0,12,23.0,24.0
I,23.0,0,24.0,24.0
I,24.0,95,17.0,42.0
I,24.0,87,19.0,38.0
I,24.0,75,21.0,36.0
I,24.0,62,23.0,34.0
I,24.0,50,24.0,32.0
I,24.0,37,25.0,31.0
I,24.0,25,26.0,30.0
I,24.0,12,27.0,29.0
I,24.0,0,28.0,28.0
I,25.0,95,18.0,47.0
I,25.0,87,21.0,43.0
I,25.0,75,23.0,40.0
I,25.0,62,25.0,38.0
I,25.0,50,26.0,36.0
I,25.0,37,28.0,35.0
I,25.0,25,29.0,34.0
I,25.0,12,30.0,32.0
I,25.0,0,31.0,31.0
I,26.0,95,22.0,54.0
I,26.0,87,25.0,50.0
I,26.0,75,28.0,47.0
I,26.0,62,30.0,44.0
I,26.0,50,32.0,43.0
I,26.0,37,33.0,41.0
I,26.0,25,34.0,40.0
I,26.0,12,36.0,38.0
I,26.0,0,37.0,37.0
I,27.0,95,26.0,59.0
I,27.0,87,29.0,55.0
I,27.0,75,32.0,51.0
I,27.0,62,34.0,49.0
I,27.0,50,35.0,47.0
I,27.0,37,37.0,45.0
I,27.0,25,38.0,44.0
I,27.0,12,40.0,42.0
I,27.0,0,41.0,41.0
I,28.0,95,30.0,65.0
I,28.0,87,33.0,60.0
I,28.0,75,36.0,56.0
I,28.0,62,38.0,54.0
I,28.0,50,40.0,52.0
I,28.0,37,41.0,50.0
I,28.0,25,43.0,48.0
I,28.0,12,44.0,47.0
I,28.0,0,46.0,46.0
I,29.0,95,36.0,73.0
I,29.0,87,39.0,68.0
I,29.0,75,42.0,64.0
I,29.0,62,45.0,61.0
I,29.0,50,47.0,59.0
I,29.0,37,48.0,57.0
I,29.0,25,50.0,56.0
I,29.0,12,51.0,54.0
I,29.0,0,53.0,53.0
I,30.0,95,44.0,85.0
I,30.0,87,48.0,80.0
I,30.0,75,52.0,76.0
I,30.0,62,54.0,73.0
I,30.0,50,56.0,70.0
I,30.0,37,58.0,68.0
I,30.0,25,60.0,66.0
I,30.0,12,62.0,65.0
I,30.0,0,63.0,63.0
I,31.0,95,50.0,96.0
I,31.0,87,54.0,90.0
I,31.0,75,58.0,85.0
I,31.0,62,61.0,81.0
I,31.0,50,63.0,79.0
I,31.0,37,65.0,76.0
I,31.0,25,67.0,74.0
I,31.0,12,69.0,72.0
I,31.0,0,70.0,70.0
I,32.0,95,61.0,111.0
I,32.0,87,66.0,104.0
I,32.0,75,70.0,99.0
I,32.0,62,73.0,96.0
I,32.0,50,76.0,93.0
I,32.0,37,78.0,90.0
I,32.0,25,80.0,88.0
I,32.0,12,82.0,86.0
I,32.0,0,84.0,84.0
I,33.0,95,72.0,130.0
I,33.0,87,78.0,122.0
I,33.0,75,83.0,116.0
I,33.0,62,86.0,112.0
I,33.0,50,89.0,109.0
I,33.0,37,92.0,106.0
I,33.0,25,94.0,103.0
I,33.0,12,96.0,101.0
I,33.0,0,99.0,99.0
I,34.0,95,82.0,145.0
I,34.0,87,88.0,136.0
I,34.0,75,93.0,130.0
I,34.0,62,97.0,125.0
I,34.0,50,100.0,122.0
I,34.0,37,103.0,119.0
I,34.0,25,106.0,116.0
I,34.0,12,108.0,113.0
I,34.0,0,111.0,111.0
I,35.0,95,96.0,169.0
I,35.0,87,103.0,159.0
I,35.0,75,109.0,152.0
I,35.0,62,114.0,146.0
I,35.0,50,117.0,142.0
I,35.0,37,121.0,138.0
I,35.0,25,124.0,135.0
I,35.0,12,127.0,132.0
I,35.0,0,129.0,129.0
I,36.0,95,115.0,203.0
I,36.0,87,124.0,192.0
I,36.0,75,131.0,183.0
I,36.0,62,137.0,176.0
I,36.0,50,141.0,171.0
I,36.0,37,145.0,167.0
I,36.0,25,149.0,163.0
I,36.0,12,152.0,159.0
I,36.0,0,156.0,156.0
I,37.0,95,138.0,231.0
I,37.0,87,147.0,219.0
I,37.0,75,155.0,209.0
I,37.0,62,161.0,202.0
I,37.0,50,165.0,197.0
I,37.0,37,169.0,192.0
I,37.0,25,173.0,188.0
I,37.0,12,177.0,184.0
I,37.0,0,181.0,181.0
I,38.0,95,162.0,271.0
I,38.0,87,172.0,256.0
I,38.0,75,181.0,245.0
I,38.0,62,188.0,237.0
I,38.0,50,193.0,231.0
I,38.0,37,198.0,225.0
I,38.0,25,203.0,220.0
I,38.0,12,207.0,216.0
I,38.0,0,211.0,211.0
I,39.0,95,185.0,311.0
I,39.0,87,198.0,295.0
I,39.0,75,208.0,282.0
I,39.0,62,216.0,273.0
I,39.0,50,222.0,266.0
I,39.0,37,228.0,259.0
I,39.0,25,233.0,254.0
I,39.0,12,239.0,249.0
I,39.0,0,244.0,244.0
I,40.0,95,215.0,355.0
I,40.0,87,228.0,337.0
I,40.0,75,240.0,322.0
I,40.0,62,249.0,312.0
I,40.0,50,255.0,304.0
I,40.0,37,262.0,297.0
I,40.0,25,268.0,291.0
I,40.0,12,274.0,284.0
I,40.0,0,279.0,279.0
I,41.0,95,250.0,399.0
I,41.0,87,264.0,380.0
I,41.0,75,277.0,365.0
I,41.0,62,287.0,353.0
I,41.0,50,294.0,345.0
I,41.0,37,301.0,338.0
I,41.0,25,307.0,331.0
I,41.0,12,313.0,325.0
I,41.0,0,319.0,319.0
I,42.0,95,287.0,464.0
I,42.0,87,304.0,441.0
I,42.0,75,319.0,423.0
I,42.0,62,330.0,409.0
I,42.0,50,339.0,400.0
I,42.0,37,347.0,390.0
I,42.0,25,354.0,383.0
I,42.0,12,361.0,375.0
I,42.0,0,368.0,368.0
I,43.0,95,326.0,531.0
I,43.0,87,346.0,505.0
I,43.0,75,363.0,484.0
I,43.0,62,376.0,468.0
I,43.0,50,386.0,457.0
I,43.0,37,396.0,446.0
I,43.0,25,404.0,437.0
I,43.0,12,413.0,428.0
I,43.0,0,420.0,420.0
I,44.0,95,373.0,599.0
I,44.0,87,395.0,570.0
I,44.0,75,413.0,546.0
I,44.0,62,427.0,529.0
I,44.0,50,438.0,516.0
I,44.0,37,449.0,505.0
I,44.0,25,458.0,495.0
I,44.0,12,467.0,485.0
I,44.0,0,476.0,476.0
I,45.0,95,433.0,682.0
I,45.0,87,457.0,649.0
I,45.0,75,477.0,623.0
I,45.0,62,493.0,605.0
I,45.0,50,505.0,591.0
I,45.0,37,517.0,578.0
I,45.0,25,527.0,567.0
I,45.0,12,537.0,557.0
I,45.0,0,547.0,547.0
I,46.0,95,494.0,783.0
I,46.0,87,522.0,746.0
I,46.0,75,546.0,715.0
I,46.0,62,564.0,694.0
I,46.0,50,578.0,677.0
I,46.0,37,591.0,663.0
I,46.0,25,603.0,650.0
I,46.0,12,615.0,637.0
I,46.0,0,626.0,626.0
I,47.0,95,564.0,893.0
I,47.0,87,596.0,850.0
I,47.0,75,623.0,816.0
I,47.0,62,643.0,791.0
I,47.0,50,659.0,773.0
I,47.0,37,675.0,755.0
I,47.0,25,688.0,741.0
I,47.0,12,702.0,727.0
I,47.0,0,714.0,714.0
I,48.0,95,652.0,1011.0
I,48.0,87,687.0,965.0
I,48.0,75,717.0,928.0
I,48.0,62,740.0,901.0
I,48.0,50,757.0,881.0
I,48.0,37,774.0,862.0
I,48.0,25,789.0,847.0
I,48.0,12,804.0,831.0
I,48.0,0,817.0,817.0
I,49.0,95,739.0,1146.0
I,49.0,87,778.0,1092.0
I,49.0,75,812.0,1050.0
I,49.0,62,838.0,1019.0
I,49.0,50,857.0,997.0
I,49.0,37,876.0,976.0
I,49.0,25,893.0,958.0
I,49.0,12,910.0,941.0
I,49.0,0,925.0,925.0
I,50.0,95,849.0,1298.0
I,50.0,87,894.0,1240.0
I,50.0,75,931.0,1195.0
I,50.0,62,960.0,1161.0
I,50.0,50,982.0,1136.0
I,50.0,37,1003.0,1113.0
I,50.0,25,1021.0,1094.0
I,50.0,12,1040.0,1075.0
I,50.0,0,1057.0,1057.0
I,51.0,95,972.0,1477.0
I,51.0,87,1022.0,1412.0
I,51.0,75,1064.0,1360.0
I,51.0,62,1097.0,1323.0
I,51.0,50,1122.0,1295.0
I,51.0,37,1145.0,1269.0
I,51.0,25,1166.0,1248.0
I,51.0,12,1187.0,1226.0
I,51.0,0,1206.0,1206.0
I,52.0,95,1111.0,1681.0
I,52.0,87,1169.0,1608.0
I,52.0,75,1216.0,1551.0
I,52.0,62,1253.0,1508.0
I,52.0,50,1281.0,1477.0
I,52.0,37,1308.0,1448.0
I,52.0,25,1331.0,1424.0
I,52.0,12,1355.0,1399.0
I,52.0,0,1377.0,1377.0
I,53.0,95,1269.0,1913.0
I,53.0,87,1333.0,1830.0
I,53.0,75,1388.0,1765.0
I,53.0,62,1429.0,1717.0
I,53.0,50,1461.0,1682.0
I,53.0,37,1491.0,1649.0
I,53.0,25,1517.0,1622.0
I,53.0,12,1544.0,1594.0
I,53.0,0,1569.0,1569.0
I,54.0,95,1447.0,2175.0
I,54.0,87,1520.0,2082.0
I,54.0,75,1581.0,2008.0
I,54.0,62,1628.0,1954.0
I,54.0,50,1664.0,1914.0
I,54.0,37,1698.0,1877.0
I,54.0,25,1728.0,1846.0
I,54.0,12,1758.0,1814.0
I,54.0,0,1786.0,1786.0
I,55.0,95,1647.0,2471.0
I,55.0,87,1730.0,2366.0
I,55.0,75,1799.0,2282.0
I,55.0,62,1852.0,2221.0
I,55.0,50,1893.0,2176.0
I,55.0,37,1932.0,2134.0
I,55.0,25,1965.0,2099.0
I,55.0,12,2000.0,2063.0
I,55.0,0,2031.0,2031.0
I,56.0,95,1872.0,2804.0
I,56.0,87,1965.0,2685.0
I,56.0,75,2044.0,2591.0
I,56.0,62,2104.0,2521.0
I,56.0,50,2150.0,2470.0
I,56.0,37,2194.0,2423.0
I,56.0,25,2232.0,2383.0
I,56.0,12,2271.0,2343.0
I,56.0,0,2307.0,2307.0
I,57.0,95,2124.0,3177.0
I,57.0,87,2229.0,3042.0
I,57.0,75,2318.0,2936.0
I,57.0,62,2386.0,2858.0
I,57.0,50,2438.0,2800.0
I,57.0,37,2488.0,2746.0
I,57.0,25,2530.0,2701.0
I,57.0,12,2575.0,2656.0
I,57.0,0,2615.0,2615.0
I,58.0,95,2404.0,3593.0
I,58.0,87,2524.0,3441.0
I,58.0,75,2624.0,3321.0
I,58.0,62,2701.0,3233.0
I,58.0,50,2759.0,3168.0
I,58.0,37,2816.0,3107.0
I,58.0,25,2864.0,3057.0
I,58.0,12,2914.0,3005.0
I,58.0,0,2959.0,2959.0
I,59.0,95,2716.0,4055.0
I,59.0,87,2851.0,3885.0
I,59.0,75,2964.0,3749.0
I,59.0,62,3051.0,3650.0
I,59.0,50,3116.0,3577.0
I,59.0,37,3180.0,3508.0
I,59.0,25,3234.0,3451.0
I,59.0,12,3290.0,3393.0
I,59.0,0,3341.0,3341.0
I,60.0,95,3061.0,4567.0
I,60.0,87,3213.0,4376.0
I,60.0,75,3340.0,4223.0
I,60.0,62,3437.0,4111.0
I,60.0,50,3511.0,4029.0
I,60.0,37,3582.0,3952.0
I,60.0,25,3643.0,3888.0
I,60.0,12,3707.0,3822.0
I,60.0,0,3764.0,3764.0
I,61.0,95,3442.0,5132.0
I,61.0,87,3612.0,4917.0
I,61.0,75,3755.0,4746.0
I,61.0,62,3864.0,4620.0
I,61.0,50,3947.0,4528.0
I,61.0,37,4027.0,4442.0
I,61.0,25,4095.0,4370.0
I,61.0,12,4166.0,4296.0
I,61.0,0,4231.0,4231.0
I,62.0,95,3857.0,5749.0
I,62.0,87,4047.0,5508.0
I,62.0,75,4207.0,5317.0
I,62.0,62,4330.0,5176.0
I,62.0,50,4423.0,5073.0
I,62.0,37,4512.0,4977.0
I,62.0,25,4589.0,4896.0
I,62.0,12,4668.0,4814.0
I,62.0,0,4741.0,4741.0
I,63.0,95,4307.0,6418.0
I,63.0,87,4520.0,6149.0
I,63.0,75,4698.0,5936.0
I,63.0,62,4835.0,5779.0
I,63.0,50,4938.0,5664.0
I,63.0,37,5038.0,5556.0
I,63.0,25,5123.0,5466.0
I,63.0,12,5212.0,5374.0
I,63.0,0,5293.0,5293.0
I,64.0,95,4791.0,7137.0
I,64.0,87,5027.0,6838.0
I,64.0,75,5225.0,6601.0
I,64.0,62,5377.0,6427.0
I,64.0,50,5492.0,6299.0
I,64.0,37,5603.0,6179.0
I,64.0,25,5698.0,6079.0
I,64.0,12,5797.0,5977.0
I,64.0,0,5886.0,5886.0
I,65.0,95,5307.0,7903.0
I,65.0,87,5568.0,7573.0
I,65.0,75,5787.0,7310.0
I,65.0,62,5955.0,7117.0
I,65.0,50,6083.0,6975.0
I,65.0,37,6205.0,6843.0
I,65.0,25,6310.0,6732.0
I,65.0,12,6420.0,6619.0
I,65.0,0,6519.0,6519.0
I,66.0,95,5850.0,8711.0
I,66.0,87,6138.0,8347.0
I,66.0,75,6380.0,8058.0
I,66.0,62,6565.0,7845.0
I,66.0,50,6706.0,7689.0
I,66.0,37,6841.0,7543.0
I,66.0,25,6957.0,7421.0
I,66.0,12,7077.0,7297.0
I,66.0,0,7186.0,7186.0
I,67.0,95,6418.0,9555.0
I,67.0,87,6733.0,9156.0
I,67.0,75,6999.0,8838.0
I,67.0,62,7202.0,8605.0
I,67.0,50,7356.0,8434.0
I,67.0,37,7504.0,8274.0
I,67.0,25,7631.0,8140.0
I,67.0,12,7763.0,8004.0
I,67.0,0,7883.0,7883.0
I,68.0,95,7002.0,10425.0
I,68.0,87,7347.0,9990.0
I,68.0,75,7636.0,9643.0
I,68.0,62,7857.0,9389.0
I,68.0,50,8026.0,9202.0
I,68.0,37,8187.0,9027.0
I,68.0,25,8326.0,8881.0
I,68.0,12,8469.0,8733.0
I,68.0,0,8600.0,8600.0
I,69.0,95,7597.0,11311.0
I,69.0,87,7970.0,10838.0
I,69.0,75,8284.0,10462.0
I,69.0,62,8524.0,10186.0
I,69.0,50,8707.0,9983.0
I,69.0,37,8882.0,9794.0
I,69.0,25,9032.0,9635.0
I,69.0,12,9188.0,9474.0
I,69.0,0,9330.0,9330.0
I,70.0,95,8192.0,12199.0
I,70.0,87,8595.0,11689.0
I,70.0,75,8933.0,11283.0
I,70.0,62,9192.0,10985.0
I,70.0,50,9389.0,10767.0
I,70.0,37,9578.0,10562.0
I,70.0,25,9740.0,10391.0
I,70.0,12,9909.0,10217.0
I,70.0,0,10062.0,10062.0
I,71.0,95,8779.0,13075.0
I,71.0,87,9210.0,12528.0
I,71.0,75,9573.0,12092.0
I,71.0,62,9851.0,11773.0
I,71.0,50,10062.0,11539.0
I,71.0,37,10264.0,11319.0
I,71.0,25,10438.0,11136.0
I,71.0,12,10619.0,10949.0
I,71.0,0,10783.0,10783.0
I,72.0,95,9346.0,13924.0
I,72.0,87,9805.0,13340.0
I,72.0,75,10192.0,12876.0
I,72.0,62,10488.0,12536.0
I,72.0,50,10712.0,12286.0
I,72.0,37,10928.0,12052.0
I,72.0,25,11113.0,11856.0
I,72.0,12,11306.0,11658.0
I,72.0,0,11481.0,11481.0
I,73.0,95,9883.0,14729.0
I,73.0,87,10369.0,14110.0
I,73.0,75,10777.0,13619.0
I,73.0,62,11091.0,13259.0
I,73.0,50,11328.0,12994.0
I,73.0,37,11557.0,12746.0
I,73.0,25,11753.0,12539.0
I,73.0,12,11956.0,12329.0
I,73.0,0,12142.0,12142.0
I,74.0,95,10380.0,15475.0
I,74.0,87,10891.0,14824.0
I,74.0,75,11320.0,14307.0
I,74.0,62,11650.0,13929.0
I,74.0,50,11899.0,13650.0
I,74.0,37,12140.0,13390.0
I,74.0,25,12345.0,13172.0
I,74.0,12,12560.0,12951.0
I,74.0,0,12754.0,12754.0
I,75.0,95,10828.0,16146.0
I,75.0,87,11361.0,15467.0
I,75.0,75,11809.0,14927.0
I,75.0,62,12153.0,14532.0
I,75.0,50,12413.0,14241.0
I,75.0,37,12664.0,13969.0
I,75.0,25,12879.0,13742.0
I,75.0,12,13102.0,13511.0
I,75.0,0,13306.0,13306.0
I,76.0,95,11217.0,16730.0
I,76.0,87,11769.0,16025.0
I,76.0,75,12234.0,15466.0
I,76.0,62,12590.0,15056.0
I,76.0,50,12860.0,14754.0
I,76.0,37,13120.0,14473.0
I,76.0,25,13342.0,14237.0
I,76.0,12,13574.0,13998.0
I,76.0,0,13785.0,13785.0
I,77.0,95,11540.0,17215.0
I,77.0,87,12109.0,16490.0
I,77.0,75,12586.0,15913.0
I,77.0,62,12953.0,15491.0
I,77.0,50,13231.0,15181.0
I,77.0,37,13498.0,14891.0
I,77.0,25,13728.0,14649.0
I,77.0,12,13966.0,14402.0
I,77.0,0,14183.0,14183.0
I,78.0,95,11792.0,17593.0
I,78.0,87,12373.0,16852.0
I,78.0,75,12862.0,16263.0
I,78.0,62,13236.0,15831.0
I,78.0,50,13520.0,15514.0
I,78.0,37,13794.0,15217.0
I,78.0,25,14028.0,14970.0
I,78.0,12,14272.0,14718.0
I,78.0,0,14494.0,14494.0
I,79.0,95,11969.0,17860.0
I,79.0,87,12559.0,17107.0
I,79.0,75,13055.0,16509.0
I,79.0,62,13436.0,16071.0
I,79.0,50,13724.0,15749.0
I,79.0,37,14002.0,15448.0
I,79.0,25,14240.0,15196.0
I,79.0,12,14487.0,14940.0
I,79.0,0,14713.0,14713.0
I,80.0,95,12071.0,18014.0
I,80.0,87,12666.0,17254.0
I,80.0,75,13167.0,16651.0
I,80.0,62,13550.0,16208.0
I,80.0,50,13841.0,15884.0
I,80.0,37,14121.0,15580.0
I,80.0,25,14361.0,15326.0
I,80.0,12,14611.0,15068.0
I,80.0,0,14838.0,14838.0
I,81.0,95,12098.0,18056.0
I,81.0,87,12695.0,17294.0
I,81.0,75,13196.0,16689.0
I,81.0,62,13581.0,16246.0
I,81.0,50,13873.0,15920.0
I,81.0,37,14153.0,15615.0
I,81.0,25,14394.0,15361.0
I,81.0,12,14644.0,15102.0
I,81.0,0,14872.0,14872.0
I,82.0,95,12052.0,17990.0
I,82.0,87,12647.0,17231.0
I,82.0,75,13147.0,16628.0
I,82.0,62,13530.0,16186.0
I,82.0,50,13821.0,15861.0
I,82.0,37,14101.0,15558.0
I,82.0,25,14340.0,15304.0
I,82.0,12,14590.0,15047.0
I,82.0,0,14817.0,14817.0
I,83.0,95,11939.0,17823.0
I,83.0,87,12528.0,17071.0
I,83.0,75,13024.0,16473.0
I,83.0,62,13403.0,16035.0
I,83.0,50,13692.0,15714.0
I,83.0,37,13969.0,15413.0
I,83.0,25,14207.0,15162.0
I,83.0,12,14454.0,14906.0
I,83.0,0,14679.0,14679.0
I,84.0,95,11764.0,17563.0
I,84.0,87,12344.0,16821.0
I,84.0,75,12832.0,16232.0
I,84.0,62,13207.0,15801.0
I,84.0,50,13491.0,15484.0
I,84.0,37,13764.0,15187.0
I,84.0,25,13998.0,14940.0
I,84.0,12,14242.0,14688.0
I,84.0,0,14464.0,14464.0
I,85.0,95,11532.0,17219.0
I,85.0,87,12101.0,16492.0
I,85.0,75,12580.0,15914.0
I,85.0,62,12947.0,15491.0
I,85.0,50,13226.0,15180.0
I,85.0,37,13494.0,14889.0
I,85.0,25,13723.0,14646.0
I,85.0,12,13962.0,14400.0
I,85.0,0,14180.0,14180.0
I,86.0,95,11251.0,16803.0
I,86.0,87,11806.0,16093.0
I,86.0,75,12274.0,15529.0
I,86.0,62,12632.0,15116.0
I,86.0,50,12904.0,14812.0
I,86.0,37,13166.0,14529.0
I,86.0,25,13390.0,14291.0
I,86.0,12,13623.0,14050.0
I,86.0,0,13836.0,13836.0
I,87.0,95,10928.0,16326.0
I,87.0,87,11468.0,15635.0
I,87.0,75,11922.0,15087.0
I,87.0,62,12270.0,14685.0
I,87.0,50,12535.0,14390.0
I,87.0,37,12789.0,14114.0
I,87.0,25,13007.0,13883.0
I,87.0,12,13234.0,13649.0
I,87.0,0,13440.0,13440.0
I,88.0,95,10570.0,15797.0
I,88.0,87,11093.0,15129.0
I,88.0,75,11533.0,14598.0
I,88.0,62,11870.0,14209.0
I,88.0,50,12126.0,13923.0
I,88.0,37,12373.0,13655.0
I,88.0,25,12584.0,13432.0
I,88.0,12,12803.0,13205.0
I,88.0,0,13003.0,13003.0
I,89.0,95,10185.0,15229.0
I,89.0,87,10690.0,14584.0
I,89.0,75,11114.0,14071.0
I,89.0,62,11439.0,13696.0
I,89.0,50,11686.0,13420.0
I,89.0,37,11924.0,13162.0
I,89.0,25,12128.0,12946.0
I,89.0,12,12340.0,12727.0
I,89.0,0,12533.0,12533.0
I,90.0,95,9779.0,14631.0
I,90.0,87,10265.0,14010.0
I,90.0,75,10673.0,13517.0
I,90.0,62,10985.0,13156.0
I,90.0,50,11223.0,12890.0
I,90.0,37,11452.0,12642.0
I,90.0,25,11647.0,12435.0
I,90.0,12,11851.0,12224.0
I,90.0,0,12037.0,12037.0
I,91.0,95,9359.0,14013.0
I,91.0,87,9824.0,13417.0
I,91.0,75,10216.0,12944.0
I,91.0,62,10515.0,12597.0
I,91.0,50,10743.0,12342.0
I,91.0,37,10963.0,12104.0
I,91.0,25,11150.0,11906.0
I,91.0,12,11346.0,11704.0
I,91.0,0,11524.0,11524.0
I,92.0,95,8930.0,13382.0
I,92.0,87,9375.0,12812.0
I,92.0,75,9749.0,12359.0
I,92.0,62,10036.0,12027.0
I,92.0,50,10254.0,11783.0
I,92.0,37,10463.0,11556.0
I,92.0,25,10643.0,11366.0
I,92.0,12,10830.0,11172.0
I,92.0,0,11000.0,11000.0
I,93.0,95,8498.0,12747.0
I,93.0,87,8922.0,12202.0
I,93.0,75,9279.0,11769.0
I,93.0,62,9552.0,11453.0
I,93.0,50,9760.0,11220.0
I,93.0,37,9960.0,11003.0
I,93.0,25,10132.0,10821.0
I,93.0,12,10310.0,10637.0
I,93.0,0,10472.0,10472.0
I,94.0,95,8066.0,12113.0
I,94.0,87,8469.0,11593.0
I,94.0,75,8809.0,11181.0
I,94.0,62,9069.0,10879.0
I,94.0,50,9267.0,10658.0
I,94.0,37,9458.0,10451.0
I,94.0,25,9621.0,10278.0
I,94.0,12,9791.0,10102.0
I,94.0,0,9946.0,9946.0
I,95.0,95,7639.0,11487.0
I,95.0,87,8022.0,10992.0
I,95.0,75,8344.0,10600.0
I,95.0,62,8592.0,10312.0
I,95.0,50,8780.0,10102.0
I,95.0,37,8961.0,9905.0
I,95.0,25,9116.0,9740.0
I,95.0,12,9277.0,9573.0
I,95.0,0,9424.0,9424.0
I,96.0,95,7219.0,10872.0
I,96.0,87,7582.0,10402.0
I,96.0,75,7888.0,10029.0
I,96.0,62,8122.0,9756.0
I,96.0,50,8301.0,9556.0
I,96.0,37,8473.0,9369.0
I,96.0,25,8620.0,9212.0
I,96.0,12,8773.0,9054.0
I,96.0,0,8913.0,8913.0
I,97.0,95,6809.0,10273.0
I,97.0,87,7153.0,9826.0
I,97.0,75,7442.0,9472.0
I,97.0,62,7665.0,9213.0
I,97.0,50,7834.0,9023.0
I,97.0,37,7996.0,8846.0
I,97.0,25,8136.0,8698.0
I,97.0,12,8281.0,8547.0
I,97.0,0,8413.0,8413.0
I,98.0,95,6412.0,9693.0
I,98.0,87,6737.0,9268.0
I,98.0,75,7010.0,8933.0
I,98.0,62,7221.0,8687.0
I,98.0,50,7380.0,8507.0
I,98.0,37,7534.0,8339.0
I,98.0,25,7666.0,8198.0
I,98.0,12,7804.0,8056.0
I,98.0,0,7929.0,7929.0
I,99.0,95,6028.0,9133.0
I,99.0,87,6335.0,8731.0
I,99.0,75,6593.0,8412.0
I,99.0,62,6792.0,8179.0
I,99.0,50,6943.0,8009.0
I,99.0,37,7088.0,7850.0
I,99.0,25,7213.0,7717.0
I,99.0,12,7343.0,7582.0
I,99.0,0,7462.0,7462.0
I,100.0,95,5659.0,8597.0
I,100.0,87,5948.0,8214.0
I,100.0,75,6192.0,7913.0
I,100.0,62,6380.0,7692.0
I,100.0,50,6523.0,7530.0
I,100.0,37,6660.0,7380.0
I,100.0,25,6778.0,7254.0
I,100.0,12,6901.0,7126.0
I,100.0,0,7013.0,7013.0
I,100.0,95,5659.0,8597.0
I,100.0,87,5948.0,8214.0
I,100.0,75,6192.0,7913.0
I,100.0,62,6380.0,7692.0
I,100.0,50,6523.0,7530.0
I,100.0,37,6660.0,7380.0
I,100.0,25,6778.0,7254.0
I,100.0,12,6901.0,7126.0
I,100.0,0,7013.0,7013.0
I,101.0,95,5306.0,8084.0
I,101.0,87,5579.0,7721.0
I,101.0,75,5809.0,7435.0
I,101.0,62,5986.0,7226.0
I,101.0,50,6120.0,7073.0
I,101.0,37,6250.0,6930.0
I,101.0,25,6361.0,6811.0
I,101.0,12,6477.0,6690.0
I,101.0,0,6583.0,6583.0
I,102.0,95,4970.0,7596.0
I,102.0,87,5226.0,7251.0
I,102.0,75,5443.0,6979.0
I,102.0,62,5609.0,6781.0
I,102.0,50,5736.0,6636.0
I,102.0,37,5859.0,6501.0
I,102.0,25,5964.0,6389.0
I,102.0,12,6073.0,6275.0
I,102.0,0,6173.0,6173.0
I,103.0,95,4650.0,7132.0
I,103.0,87,4891.0,6804.0
I,103.0,75,5095.0,6546.0
I,103.0,62,5252.0,6358.0
I,103.0,50,5371.0,6221.0
I,103.0,37,5487.0,6094.0
I,103.0,25,5586.0,5987.0
I,103.0,12,5689.0,5879.0
I,103.0,0,5784.0,5784.0
I,104.0,95,4346.0,6694.0
I,104.0,87,4573.0,6381.0
I,104.0,75,4765.0,6136.0
I,104.0,62,4913.0,5958.0
I,104.0,50,5025.0,5828.0
I,104.0,37,5134.0,5707.0
I,104.0,25,5228.0,5607.0
I,104.0,12,5325.0,5505.0
I,104.0,0,5414.0,5414.0
I,105.0,95,4059.0,6280.0
I,105.0,87,4272.0,5982.0
I,105.0,75,4453.0,5748.0
I,105.0,62,4592.0,5579.0
I,105.0,50,4698.0,5456.0
I,105.0,37,4800.0,5342.0
I,105.0,25,4889.0,5246.0
I,105.0,12,4981.0,5150.0
I,105.0,0,5065.0,5065.0
I,106.0,95,3788.0,5891.0
I,106.0,87,3988.0,5605.0
I,106.0,75,4158.0,5383.0
I,106.0,62,4289.0,5222.0
I,106.0,50,4389.0,5105.0
I,106.0,37,4485.0,4997.0
I,106.0,25,4569.0,4907.0
I,106.0,12,4655.0,4816.0
I,106.0,0,4735.0,4735.0
I,107.0,95,3533.0,5525.0
I,107.0,87,3721.0,5251.0
I,107.0,75,3880.0,5038.0
I,107.0,62,4004.0,4886.0
I,107.0,50,4098.0,4775.0
I,107.0,37,4189.0,4672.0
I,107.0,25,4267.0,4586.0
I,107.0,12,4349.0,4500.0
I,107.0,0,4424.0,4424.0
I,108.0,95,3293.0,5182.0
I,108.0,87,3470.0,4918.0
I,108.0,75,3619.0,4715.0
I,108.0,62,3735.0,4569.0
I,108.0,50,3824.0,4464.0
I,108.0,37,3910.0,4366.0
I,108.0,25,3983.0,4285.0
I,108.0,12,4061.0,4204.0
I,108.0,0,4132.0,4132.0
I,109.0,95,3068.0,4861.0
I,109.0,87,3233.0,4606.0
I,109.0,75,3374.0,4411.0
I,109.0,62,3483.0,4272.0
I,109.0,50,3567.0,4172.0
I,109.0,37,3647.0,4079.0
I,109.0,25,3717.0,4002.0
I,109.0,12,3790.0,3925.0
I,109.0,0,3857.0,3857.0
I,110.0,95,2857.0,4560.0
I,110.0,87,3012.0,4314.0
I,110.0,75,3144.0,4127.0
I,110.0,62,3247.0,3994.0
I,110.0,50,3325.0,3898.0
I,110.0,37,3402.0,3810.0
I,110.0,25,3467.0,3737.0
I,110.0,12,3536.0,3664.0
I,110.0,0,3600.0,3600.0
I,111.0,95,2659.0,4279.0
I,111.0,87,2805.0,4040.0
I,111.0,75,2929.0,3860.0
I,111.0,62,3026.0,3733.0
I,111.0,50,3100.0,3642.0
I,111.0,37,3171.0,3558.0
I,111.0,25,3233.0,3489.0
I,111.0,12,3299.0,3419.0
I,111.0,0,3358.0,3358.0
I,112.0,95,2474.0,4017.0
I,112.0,87,2611.0,3784.0
I,112.0,75,2728.0,3611.0
I,112.0,62,2818.0,3489.0
I,112.0,50,2888.0,3402.0
I,112.0,37,2956.0,3322.0
I,112.0,25,3014.0,3256.0
I,112.0,12,3076.0,3191.0
I,112.0,0,3133.0,3133.0
I,113.0,95,2302.0,3773.0
I,113.0,87,2430.0,3546.0
I,113.0,75,2540.0,3378.0
I,113.0,62,2625.0,3261.0
I,113.0,50,2691.0,3178.0
I,113.0,37,2754.0,3102.0
I,113.0,25,2810.0,3039.0
I,113.0,12,2868.0,2977.0
I,113.0,0,2922.0,2922.0
I,114.0,95,2140.0,3546.0
I,114.0,87,2261.0,3323.0
I,114.0,75,2364.0,3161.0
I,114.0,62,2444.0,3048.0
I,114.0,50,2506.0,2968.0
I,114.0,37,2566.0,2896.0
I,114.0,25,2619.0,2836.0
I,114.0,12,2674.0,2777.0
I,114.0,0,2724.0,2724.0
I,115.0,95,1990.0,3334.0
I,115.0,87,2103.0,3115.0
I,115.0,75,2200.0,2958.0
I,115.0,62,2275.0,2850.0
I,115.0,50,2334.0,2773.0
I,115.0,37,2391.0,2703.0
I,115.0,25,2440.0,2647.0
I,115.0,12,2492.0,2590.0
I,115.0,0,2540.0,2540.0
I,116.0,95,1850.0,3136.0
I,116.0,87,1956.0,2922.0
I,116.0,75,2047.0,2769.0
I,116.0,62,2118.0,2664.0
I,116.0,50,2173.0,2591.0
I,116.0,37,2227.0,2524.0
I,116.0,25,2274.0,2470.0
I,116.0,12,2323.0,2416.0
I,116.0,0,2369.0,2369.0
I,117.0,95,1719.0,2952.0
I,117.0,87,1819.0,2741.0
I,117.0,75,1904.0,2593.0
I,117.0,62,1972.0,2492.0
I,117.0,50,2023.0,2421.0
I,117.0,37,2074.0,2357.0
I,117.0,25,2118.0,2305.0
I,117.0,12,2165.0,2253.0
I,117.0,0,2209.0,2209.0
I,118.0,95,1598.0,2781.0
I,118.0,87,1691.0,2573.0
I,118.0,75,1772.0,2429.0
I,118.0,62,1835.0,2331.0
I,118.0,50,1884.0,2262.0
I,118.0,37,1932.0,2201.0
I,118.0,25,1974.0,2151.0
I,118.0,12,2018.0,2102.0
I,118.0,0,2059.0,2059.0
I,119.0,95,1485.0,2622.0
I,119.0,87,1573.0,2417.0
I,119.0,75,1648.0,2276.0
I,119.0,62,1708.0,2181.0
I,119.0,50,1754.0,2115.0
I,119.0,37,1799.0,2056.0
I,119.0,25,1839.0,2008.0
I,119.0,12,1881.0,1961.0
I,119.0,0,1920.0,1920.0
I,120.0,95,1380.0,2473.0
I,120.0,87,1462.0,2271.0
I,120.0,75,1533.0,2134.0
I,120.0,62,1589.0,2041.0
I,120.0,50,1633.0,1978.0
I,120.0,37,1676.0,1921.0
I,120.0,25,1713.0,1875.0
I,120.0,12,1754.0,1830.0
I,120.0,0,1791.0,1791.0
I,121.0,95,1282.0,2335.0
I,121.0,87,1359.0,2136.0
I,121.0,75,1426.0,2001.0
I,121.0,62,1479.0,1911.0
I,121.0,50,1520.0,1850.0
I,121.0,37,1561.0,1795.0
I,121.0,25,1597.0,1751.0
I,121.0,12,1635.0,1708.0
I,121.0,0,1671.0,1671.0
I,122.0,95,1191.0,2206.0
I,122.0,87,1264.0,2009.0
I,122.0,75,1327.0,1878.0
I,122.0,62,1377.0,1791.0
I,122.0,50,1416.0,1731.0
I,122.0,37,1454.0,1678.0
I,122.0,25,1488.0,1635.0
I,122.0,12,1524.0,1594.0
I,122.0,0,1558.0,1558.0
I,123.0,95,1107.0,2086.0
I,123.0,87,1175.0,1892.0
I,123.0,75,1234.0,1763.0
I,123.0,62,1281.0,1678.0
I,123.0,50,1318.0,1620.0
I,123.0,37,1355.0,1568.0
I,123.0,25,1387.0,1528.0
I,123.0,12,1421.0,1488.0
I,123.0,0,1454.0,1454.0
I,124.0,95,1029.0,1975.0
I,124.0,87,1093.0,1783.0
I,124.0,75,1148.0,1657.0
I,124.0,62,1193.0,1573.0
I,124.0,50,1228.0,1517.0
I,124.0,37,1262.0,1467.0
I,124.0,25,1293.0,1428.0
I,124.0,12,1326.0,1389.0
I,124.0,0,1357.0,1357.0
I,125.0,95,956.0,1870.0
I,125.0,87,1016.0,1681.0
I,125.0,75,1068.0,1557.0
I,125.0,62,1110.0,1476.0
I,125.0,50,1143.0,1421.0
I,125.0,37,1176.0,1373.0
I,125.0,25,1205.0,1334.0
I,125.0,12,1237.0,1298.0
I,125.0,0,1266.0,1266.0
I,126.0,95,888.0,1773.0
I,126.0,87,944.0,1586.0
I,126.0,75,994.0,1465.0
I,126.0,62,1034.0,1385.0
I,126.0,50,1065.0,1332.0
I,126.0,37,1096.0,1285.0
I,126.0,25,1124.0,1248.0
I,126.0,12,1154.0,1212.0
I,126.0,0,1182.0,1182.0
I,127.0,95,824.0,1683.0
I,127.0,87,878.0,1497.0
I,127.0,75,925.0,1379.0
I,127.0,62,962.0,1301.0
I,127.0,50,992.0,1248.0
I,127.0,37,1022.0,1203.0
I,127.0,25,1048.0,1167.0
I,127.0,12,1077.0,1133.0
I,127.0,0,1104.0,1104.0
I,128.0,95,765.0,1599.0
I,128.0,87,816.0,1415.0
I,128.0,75,860.0,1298.0
I,128.0,62,896.0,1222.0
I,128.0,50,924.0,1171.0
I,128.0,37,953.0,1127.0
I,128.0,25,978.0,1093.0
I,128.0,12,1006.0,1060.0
I,128.0,0,1032.0,1032.0
I,129.0,95,710.0,1520.0
I,129.0,87,758.0,1338.0
I,129.0,75,800.0,1224.0
I,129.0,62,834.0,1150.0
I,129.0,50,861.0,1100.0
I,129.0,37,888.0,1057.0
I,129.0,25,913.0,1023.0
I,129.0,12,939.0,991.0
I,129.0,0,964.0,964.0
I,130.0,95,660.0,1447.0
I,130.0,87,705.0,1267.0
I,130.0,75,745.0,1154.0
I,130.0,62,777.0,1082.0
I,130.0,50,803.0,1033.0
I,130.0,37,829.0,991.0
I,130.0,25,852.0,959.0
I,130.0,12,877.0,928.0
I,130.0,0,902.0,902.0
I,131.0,95,613.0,1378.0
I,131.0,87,655.0,1200.0
I,131.0,75,693.0,1090.0
I,131.0,62,724.0,1019.0
I,131.0,50,748.0,972.0
I,131.0,37,773.0,931.0
I,131.0,25,796.0,899.0
I,131.0,12,820.0,869.0
I,131.0,0,844.0,844.0
I,132.0,95,567.0,1314.0
I,132.0,87,608.0,1138.0
I,132.0,75,644.0,1030.0
I,132.0,62,673.0,960.0
I,132.0,50,697.0,914.0
I,132.0,37,721.0,874.0
I,132.0,25,742.0,843.0
I,132.0,12,766.0,813.0
I,132.0,0,789.0,789.0
I,133.0,95,526.0,1255.0
I,133.0,87,565.0,1080.0
I,133.0,75,599.0,974.0
I,133.0,62,627.0,905.0
I,133.0,50,650.0,859.0
I,133.0,37,672.0,820.0
I,133.0,25,693.0,790.0
I,133.0,12,716.0,762.0
I,133.0,0,738.0,738.0
I,134.0,95,489.0,1199.0
I,134.0,87,526.0,1026.0
I,134.0,75,558.0,922.0
I,134.0,62,584.0,855.0
I,134.0,50,606.0,810.0
I,134.0,37,628.0,772.0
I,134.0,25,648.0,742.0
I,134.0,12,670.0,714.0
I,134.0,0,691.0,691.0
I,135.0,95,455.0,1146.0
I,135.0,87,490.0,976.0
I,135.0,75,520.0,874.0
I,135.0,62,545.0,807.0
I,135.0,50,566.0,763.0
I,135.0,37,587.0,725.0
I,135.0,25,605.0,696.0
I,135.0,12,627.0,669.0
I,135.0,0,647.0,647.0
I,136.0,95,422.0,1097.0
I,136.0,87,455.0,928.0
I,136.0,75,484.0,827.0
I,136.0,62,508.0,761.0
I,136.0,50,527.0,718.0
I,136.0,37,547.0,681.0
I,136.0,25,565.0,653.0
I,136.0,12,585.0,627.0
I,136.0,0,605.0,605.0
I,137.0,95,392.0,1053.0
I,137.0,87,423.0,885.0
I,137.0,75,451.0,784.0
I,137.0,62,473.0,720.0
I,137.0,50,492.0,677.0
I,137.0,37,511.0,641.0
I,137.0,25,528.0,613.0
I,137.0,12,548.0,588.0
I,137.0,0,567.0,567.0
I,138.0,95,363.0,1017.0
I,138.0,87,393.0,845.0
I,138.0,75,419.0,744.0
I,138.0,62,441.0,680.0
I,138.0,50,458.0,639.0
I,138.0,37,477.0,603.0
I,138.0,25,493.0,576.0
I,138.0,12,512.0,551.0
I,138.0,0,531.0,531.0
I,139.0,95,336.0,973.0
I,139.0,87,365.0,803.0
I,139.0,75,390.0,706.0
I,139.0,62,411.0,643.0
I,139.0,50,428.0,602.0
I,139.0,37,446.0,568.0
I,139.0,25,462.0,542.0
I,139.0,12,480.0,518.0
I,139.0,0,498.0,498.0
I,140.0,95,311.0,938.0
I,140.0,87,339.0,766.0
I,140.0,75,363.0,669.0
I,140.0,62,383.0,607.0
I,140.0,50,400.0,568.0
I,140.0,37,417.0,534.0
I,140.0,25,433.0,510.0
I,140.0,12,450.0,486.0
I,140.0,0,467.0,467.0
I,141.0,95,289.0,901.0
I,141.0,87,315.0,731.0
I,141.0,75,338.0,637.0
I,141.0,62,357.0,576.0
I,141.0,50,373.0,536.0
I,141.0,37,389.0,504.0
I,141.0,25,404.0,479.0
I,141.0,12,421.0,457.0
I,141.0,0,438.0,438.0
I,142.0,95,267.0,870.0
I,142.0,87,292.0,700.0
I,142.0,75,315.0,606.0
I,142.0,62,333.0,545.0
I,142.0,50,348.0,507.0
I,142.0,37,364.0,476.0
I,142.0,25,379.0,452.0
I,142.0,12,395.0,430.0
I,142.0,0,412.0,412.0
I,143.0,95,247.0,842.0
I,143.0,87,271.0,669.0
I,143.0,75,293.0,576.0
I,143.0,62,311.0,517.0
I,143.0,50,325.0,480.0
I,143.0,37,340.0,449.0
I,143.0,25,354.0,426.0
I,143.0,12,370.0,404.0
I,143.0,0,387.0,387.0
I,144.0,95,228.0,815.0
I,144.0,87,251.0,638.0
I,144.0,75,272.0,548.0
I,144.0,62,290.0,491.0
I,144.0,50,304.0,455.0
I,144.0,37,319.0,424.0
I,144.0,25,332.0,401.0
I,144.0,12,348.0,380.0
I,144.0,0,363.0,363.0
I,145.0,95,211.0,787.0
I,145.0,87,233.0,612.0
I,145.0,75,254.0,521.0
I,145.0,62,270.0,466.0
I,145.0,50,284.0,430.0
I,145.0,37,298.0,401.0
I,145.0,25,311.0,379.0
I,145.0,12,327.0,358.0
I,145.0,0,342.0,342.0
I,146.0,95,196.0,758.0
I,146.0,87,217.0,588.0
I,146.0,75,236.0,499.0
I,146.0,62,253.0,444.0
I,146.0,50,266.0,408.0
I,146.0,37,280.0,379.0
I,146.0,25,292.0,358.0
I,146.0,12,307.0,338.0
I,146.0,0,321.0,321.0
I,147.0,95,181.0,730.0
I,147.0,87,201.0,563.0
I,147.0,75,220.0,475.0
I,147.0,62,235.0,422.0
I,147.0,50,248.0,388.0
I,147.0,37,262.0,359.0
I,147.0,25,274.0,338.0
I,147.0,12,288.0,318.0
I,147.0,0,302.0,302.0
I,148.0,95,168.0,710.0
I,148.0,87,187.0,541.0
I,148.0,75,205.0,453.0
I,148.0,62,220.0,402.0
I,148.0,50,232.0,369.0
I,148.0,37,245.0,341.0
I,148.0,25,257.0,320.0
I,148.0,12,270.0,300.0
I,148.0,0,284.0,284.0
I,149.0,95,156.0,687.0
I,149.0,87,174.0,520.0
I,149.0,75,192.0,433.0
I,149.0,62,206.0,382.0
I,149.0,50,218.0,350.0
I,149.0,37,230.0,324.0
I,149.0,25,242.0,303.0
I,149.0,12,255.0,284.0
I,149.0,0,269.0,269.0
I,150.0,95,145.0,669.0
I,150.0,87,162.0,501.0
I,150.0,75,179.0,415.0
I,150.0,62,192.0,365.0
I,150.0,50,204.0,334.0
I,150.0,37,216.0,308.0
I,150.0,25,227.0,287.0
I,150.0,12,240.0,268.0
I,150.0,0,253.0,253.0
I,151.0,95,134.0,650.0
I,151.0,87,151.0,483.0
I,151.0,75,167.0,399.0
I,151.0,62,180.0,350.0
I,151.0,50,190.0,319.0
I,151.0,37,202.0,293.0
I,151.0,25,213.0,273.0
I,151.0,12,225.0,254.0
I,151.0,0,238.0,238.0
I,152.0,95,123.0,632.0
I,152.0,87,139.0,466.0
I,152.0,75,155.0,381.0
I,152.0,62,167.0,333.0
I,152.0,50,178.0,303.0
I,152.0,37,189.0,277.0
I,152.0,25,200.0,258.0
I,152.0,12,212.0,240.0
I,152.0,0,225.0,225.0
I,153.0,95,115.0,617.0
I,153.0,87,130.0,449.0
I,153.0,75,145.0,366.0
I,153.0,62,157.0,318.0
I,153.0,50,167.0,288.0
I,153.0,37,177.0,263.0
I,153.0,25,187.0,244.0
I,153.0,12,199.0,226.0
I,153.0,0,212.0,212.0
I,154.0,95,107.0,600.0
I,154.0,87,121.0,433.0
I,154.0,75,135.0,351.0
I,154.0,62,146.0,305.0
I,154.0,50,156.0,275.0
I,154.0,37,166.0,250.0
I,154.0,25,176.0,232.0
I,154.0,12,187.0,214.0
I,154.0,0,200.0,200.0
I,155.0,95,99.0,587.0
I,155.0,87,113.0,419.0
I,155.0,75,126.0,338.0
I,155.0,62,137.0,292.0
I,155.0,50,147.0,263.0
I,155.0,37,156.0,238.0
I,155.0,25,166.0,219.0
I,155.0,12,177.0,202.0
I,155.0,0,189.0,189.0
I,156.0,95,91.0,574.0
I,156.0,87,105.0,401.0
I,156.0,75,118.0,325.0
I,156.0,62,128.0,280.0
I,156.0,50,137.0,250.0
I,156.0,37,147.0,226.0
I,156.0,25,156.0,208.0
I,156.0,12,167.0,191.0
I,156.0,0,178.0,178.0
I,157.0,95,85.0,561.0
I,157.0,87,98.0,390.0
I,157.0,75,110.0,313.0
I,157.0,62,120.0,268.0
I,157.0,50,129.0,239.0
I,157.0,37,139.0,216.0
I,157.0,25,148.0,199.0
I,157.0,12,159.0,183.0
I,157.0,0,170.0,170.0
I,158.0,95,79.0,548.0
I,158.0,87,91.0,378.0
I,158.0,75,102.0,302.0
I,158.0,62,112.0,257.0
I,158.0,50,121.0,229.0
I,158.0,37,130.0,205.0
I,158.0,25,139.0,189.0
I,158.0,12,150.0,173.0
I,158.0,0,161.0,161.0
I,159.0,95,72.0,539.0
I,159.0,87,84.0,365.0
I,159.0,75,95.0,291.0
I,159.0,62,105.0,246.0
I,159.0,50,113.0,218.0
I,159.0,37,122.0,195.0
I,159.0,25,131.0,179.0
I,159.0,12,141.0,164.0
I,159.0,0,152.0,152.0
I,160.0,95,67.0,524.0
I,160.0,87,78.0,357.0
I,160.0,75,88.0,280.0
I,160.0,62,98.0,236.0
I,160.0,50,106.0,208.0
I,160.0,37,115.0,186.0
I,160.0,25,123.0,171.0
I,160.0,12,134.0,157.0
I,160.0,0,145.0,145.0
I,161.0,95,62.0,517.0
I,161.0,87,72.0,347.0
I,161.0,75,82.0,268.0
I,161.0,62,91.0,225.0
I,161.0,50,99.0,199.0
I,161.0,37,108.0,177.0
I,161.0,25,116.0,162.0
I,161.0,12,126.0,148.0
I,161.0,0,136.0,136.0
I,162.0,95,57.0,507.0
I,162.0,87,66.0,340.0
I,162.0,75,76.0,260.0
I,162.0,62,84.0,217.0
I,162.0,50,92.0,190.0
I,162.0,37,101.0,169.0
I,162.0,25,109.0,154.0
I,162.0,12,119.0,140.0
I,162.0,0,129.0,129.0
I,163.0,95,52.0,496.0
I,163.0,87,62.0,329.0
I,163.0,75,71.0,252.0
I,163.0,62,79.0,209.0
I,163.0,50,87.0,183.0
I,163.0,37,95.0,162.0
I,163.0,25,103.0,148.0
I,163.0,12,113.0,134.0
I,163.0,0,123.0,123.0
I,164.0,95,49.0,488.0
I,164.0,87,58.0,320.0
I,164.0,75,67.0,244.0
I,164.0,62,74.0,202.0
I,164.0,50,81.0,176.0
I,164.0,37,89.0,155.0
I,164.0,25,97.0,141.0
I,164.0,12,107.0,128.0
I,164.0,0,117.0,117.0
I,165.0,95,46.0,485.0
I,165.0,87,54.0,312.0
I,165.0,75,62.0,236.0
I,165.0,62,69.0,194.0
I,165.0,50,76.0,169.0
I,165.0,37,83.0,149.0
I,165.0,25,91.0,134.0
I,165.0,12,100.0,121.0
I,165.0,0,110.0,110.0
I,166.0,95,42.0,472.0
I,166.0,87,50.0,306.0
I,166.0,75,58.0,230.0
I,166.0,62,66.0,188.0
I,166.0,50,72.0,163.0
I,166.0,37,79.0,142.0
I,166.0,25,86.0,128.0
I,166.0,12,96.0,115.0
I,166.0,0,105.0,105.0
I,167.0,95,39.0,463.0
I,167.0,87,47.0,296.0
I,167.0,75,55.0,224.0
I,167.0,62,61.0,181.0
I,167.0,50,67.0,156.0
I,167.0,37,74.0,136.0
I,167.0,25,82.0,122.0
I,167.0,12,90.0,110.0
I,167.0,0,100.0,100.0
I,168.0,95,36.0,458.0
I,168.0,87,44.0,289.0
I,168.0,75,51.0,216.0
I,168.0,62,58.0,174.0
I,168.0,50,64.0,150.0
I,168.0,37,70.0,130.0
I,168.0,25,77.0,116.0
I,168.0,12,86.0,104.0
I,168.0,0,94.0,94.0
I,169.0,95,33.0,451.0
I,169.0,87,40.0,281.0
I,169.0,75,47.0,210.0
I,169.0,62,54.0,169.0
I,169.0,50,60.0,145.0
I,169.0,37,66.0,125.0
I,169.0,25,73.0,111.0
I,169.0,12,81.0,99.0
I,169.0,0,89.0,89.0
I,170.0,95,31.0,447.0
I,170.0,87,38.0,276.0
I,170.0,75,45.0,205.0
I,170.0,62,51.0,163.0
I,170.0,50,56.0,139.0
I,170.0,37,63.0,120.0
I,170.0,25,69.0,106.0
I,170.0,12,77.0,94.0
I,170.0,0,85.0,85.0
I,171.0,95,29.0,438.0
I,171.0,87,35.0,271.0
I,171.0,75,41.0,199.0
I,171.0,62,47.0,156.0
I,171.0,50,52.0,133.0
I,171.0,37,59.0,114.0
I,171.0,25,65.0,101.0
I,171.0,12,73.0,90.0
I,171.0,0,81.0,81.0
I,172.0,95,27.0,434.0
I,172.0,87,33.0,266.0
I,172.0,75,39.0,194.0
I,172.0,62,45.0,152.0
I,172.0,50,50.0,128.0
I,172.0,37,56.0,110.0
I,172.0,25,62.0,97.0
I,172.0,12,70.0,86.0
I,172.0,0,77.0,77.0
I,173.0,95,25.0,429.0
I,173.0,87,31.0,261.0
I,173.0,75,36.0,189.0
I,173.0,62,42.0,147.0
I,173.0,50,47.0,124.0
I,173.0,37,52.0,106.0
I,173.0,25,58.0,93.0
I,173.0,12,66.0,82.0
I,173.0,0,73.0,73.0
I,174.0,95,23.0,425.0
I,174.0,87,29.0,257.0
I,174.0,75,34.0,186.0
I,174.0,62,40.0,142.0
I,174.0,50,44.0,119.0
I,174.0,37,50.0,102.0
I,174.0,25,56.0,90.0
I,174.0,12,63.0,79.0
I,174.0,0,70.0,70.0
I,175.0,95,21.0,428.0
I,175.0,87,27.0,251.0
I,175.0,75,32.0,182.0
I,175.0,62,37.0,138.0
I,175.0,50,42.0,115.0
I,175.0,37,47.0,98.0
I,175.0,25,53.0,86.0
I,175.0,12,60.0,75.0
I,175.0,0,67.0,67.0
I,176.0,95,20.0,434.0
I,176.0,87,25.0,247.0
I,176.0,75,30.0,176.0
I,176.0,62,35.0,134.0
I,176.0,50,39.0,112.0
I,176.0,37,44.0,95.0
I,176.0,25,50.0,82.0
I,176.0,12,57.0,72.0
I,176.0,0,64.0,64.0
I,177.0,95,18.0,434.0
I,177.0,87,23.0,244.0
I,177.0,75,28.0,173.0
I,177.0,62,33.0,130.0
I,177.0,50,37.0,108.0
I,177.0,37,42.0,92.0
I,177.0,25,48.0,79.0
I,177.0,12,54.0,69.0
I,177.0,0,61.0,61.0
I,178.0,95,17.0,433.0
I,178.0,87,22.0,238.0
I,178.0,75,27.0,167.0
I,178.0,62,31.0,126.0
I,178.0,50,36.0,105.0
I,178.0,37,40.0,88.0
I,178.0,25,45.0,76.0
I,178.0,12,52.0,66.0
I,178.0,0,58.0,58.0
I,179.0,95,15.0,427.0
I,179.0,87,20.0,235.0
I,179.0,75,25.0,163.0
I,179.0,62,29.0,123.0
I,179.0,50,34.0,102.0
I,179.0,37,39.0,86.0
I,179.0,25,44.0,74.0
I,179.0,12,49.0,63.0
I,179.0,0,56.0,56.0
I,180.0,95,14.0,429.0
I,180.0,87,18.0,231.0
I,180.0,75,23.0,159.0
I,180.0,62,27.0,120.0
I,180.0,50,32.0,99.0
I,180.0,37,36.0,83.0
I,180.0,25,41.0,71.0
I,180.0,12,47.0,60.0
I,180.0,0,53.0,53.0
I,181.0,95,13.0,426.0
I,181.0,87,17.0,229.0
I,181.0,75,21.0,155.0
I,181.0,62,26.0,116.0
I,181.0,50,30.0,96.0
I,181.0,37,35.0,80.0
I,181.0,25,39.0,68.0
I,181.0,12,45.0,58.0
I,181.0,0,51.0,51.0
I,182.0,95,11.0,430.0
I,182.0,87,16.0,227.0
I,182.0,75,20.0,153.0
I,182.0,62,25.0,113.0
I,182.0,50,29.0,93.0
I,182.0,37,33.0,78.0
I,182.0,25,37.0,66.0
I,182.0,12,43.0,56.0
I,182.0,0,48.0,48.0
I,183.0,95,11.0,429.0
I,183.0,87,15.0,222.0
I,183.0,75,19.0,151.0
I,183.0,62,23.0,109.0
I,183.0,50,27.0,90.0
I,183.0,37,31.0,74.0
I,183.0,25,35.0,63.0
I,183.0,12,41.0,54.0
I,183.0,0,47.0,47.0
I,184.0,95,10.0,438.0
I,184.0,87,14.0,222.0
I,184.0,75,18.0,148.0
I,184.0,62,22.0,107.0
I,184.0,50,26.0,87.0
I,184.0,37,30.0,71.0
I,184.0,25,34.0,61.0
I,184.0,12,39.0,51.0
I,184.0,0,45.0,45.0
I,185.0,95,9.0,441.0
I,185.0,87,13.0,222.0
I,185.0,75,17.0,145.0
I,185.0,62,21.0,104.0
I,185.0,50,24.0,85.0
I,185.0,37,28.0,69.0
I,185.0,25,32.0,58.0
I,185.0,12,37.0,49.0
I,185.0,0,43.0,43.0
I,186.0,95,8.0,439.0
I,186.0,87,12.0,218.0
I,186.0,75,16.0,143.0
I,186.0,62,20.0,101.0
I,186.0,50,23.0,82.0
I,186.0,37,27.0,67.0
I,186.0,25,31.0,56.0
I,186.0,12,36.0,48.0
I,186.0,0,41.0,41.0
I,187.0,95,8.0,449.0
I,187.0,87,11.0,214.0
I,187.0,75,15.0,141.0
I,187.0,62,19.0,100.0
I,187.0,50,22.0,80.0
I,187.0,37,25.0,64.0
I,187.0,25,29.0,54.0
I,187.0,12,34.0,46.0
I,187.0,0,39.0,39.0
I,188.0,95,7.0,446.0
I,188.0,87,11.0,213.0
I,188.0,75,14.0,139.0
I,188.0,62,18.0,97.0
I,188.0,50,21.0,77.0
I,188.0,37,24.0,62.0
I,188.0,25,28.0,52.0
I,188.0,12,33.0,44.0
I,188.0,0,38.0,38.0
I,189.0,95,7.0,457.0
I,189.0,87,10.0,211.0
I,189.0,75,13.0,136.0
I,189.0,62,17.0,95.0
I,189.0,50,20.0,75.0
I,189.0,37,23.0,60.0
I,189.0,25,27.0,50.0
I,189.0,12,31.0,43.0
I,189.0,0,37.0,37.0
I,190.0,95,6.0,468.0
I,190.0,87,9.0,213.0
I,190.0,75,12.0,134.0
I,190.0,62,16.0,94.0
I,190.0,50,18.0,74.0
I,190.0,37,22.0,58.0
I,190.0,25,25.0,48.0
I,190.0,12,30.0,41.0
I,190.0,0,35.0,35.0
I,191.0,95,5.0,477.0
I,191.0,87,8.0,212.0
I,191.0,75,12.0,133.0
I,191.0,62,15.0,92.0
I,191.0,50,18.0,72.0
I,191.0,37,21.0,56.0
I,191.0,25,24.0,47.0
I,191.0,12,29.0,39.0
I,191.0,0,34.0,34.0
I,192.0,95,5.0,481.0
I,192.0,87,8.0,210.0
I,192.0,75,11.0,130.0
I,192.0,62,14.0,89.0
I,192.0,50,17.0,70.0
I,192.0,37,20.0,55.0
I,192.0,25,24.0,45.0
I,192.0,12,28.0,38.0
I,192.0,0,32.0,32.0
I,193.0,95,4.0,489.0
I,193.0,87,7.0,209.0
I,193.0,75,10.0,128.0
I,193.0,62,13.0,88.0
I,193.0,50,16.0,68.0
I,193.0,37,19.0,53.0
I,193.0,25,23.0,44.0
I,193.0,12,27.0,36.0
I,193.0,0,31.0,31.0
I,194.0,95,4.0,490.0
I,194.0,87,7.0,209.0
I,194.0,75,10.0,126.0
I,194.0,62,12.0,86.0
I,194.0,50,15.0,66.0
I,194.0,37,18.0,52.0
I,194.0,25,22.0,43.0
I,194.0,12,26.0,35.0
I,194.0,0,30.0,30.0
I,195.0,95,3.0,483.0
I,195.0,87,6.0,208.0
I,195.0,75,9.0,125.0
I,195.0,62,12.0,84.0
I,195.0,50,14.0,64.0
I,195.0,37,17.0,51.0
I,195.0,25,20.0,41.0
I,195.0,12,24.0,34.0
I,195.0,0,29.0,29.0
I,196.0,95,3.0,496.0
I,196.0,87,5.0,209.0
I,196.0,75,8.0,122.0
I,196.0,62,11.0,83.0
I,196.0,50,14.0,63.0
I,196.0,37,17.0,49.0
I,196.0,25,20.0,40.0
I,196.0,12,24.0,33.0
I,196.0,0,28.0,28.0
I,197.0,95,2.0,499.0
I,197.0,87,5.0,212.0
I,197.0,75,7.0,120.0
I,197.0,62,10.0,82.0
I,197.0,50,13.0,62.0
I,197.0,37,16.0,49.0
I,197.0,25,19.0,39.0
I,197.0,12,23.0,32.0
I,197.0,0,27.0,27.0
I,198.0,95,2.0,502.0
I,198.0,87,4.0,215.0
I,198.0,75,7.0,118.0
I,198.0,62,10.0,80.0
I,198.0,50,12.0,60.0
I,198.0,37,15.0,47.0
I,198.0,25,18.0,38.0
I,198.0,12,22.0,31.0
I,198.0,0,26.0,26.0
I,199.0,95,2.0,497.0
I,199.0,87,4.0,214.0
I,199.0,75,6.0,117.0
I,199.0,62,9.0,78.0
I,199.0,50,12.0,59.0
I,199.0,37,15.0,46.0
I,199.0,25,18.0,37.0
I,199.0,12,21.0,30.0
I,199.0,0,25.0,25.0
I,200.0,95,2.0,510.0
I,200.0,87,4.0,214.0
I,200.0,75,6.0,116.0
I,200.0,62,8.0,77.0
I,200.0,50,11.0,58.0
I,200.0,37,14.0,44.0
I,200.0,25,17.0,36.0
I,200.0,12,20.0,29.0
I,200.0,0,24.0,24.0
I,201.0,95,1.0,517.0
I,201.0,87,3.0,218.0
I,201.0,75,5.0,115.0
I,201.0,62,8.0,76.0
I,201.0,50,10.0,57.0
I,201.0,37,13.0,43.0
I,201.0,25,16.0,35.0
I,201.0,12,20.0,28.0
I,201.0,0,23.0,23.0
I,202.0,95,1.0,527.0
I,202.0,87,3.0,218.0
I,202.0,75,5.0,114.0
I,202.0,62,7.0,75.0
I,202.0,50,10.0,56.0
I,202.0,37,13.0,42.0
I,202.0,25,15.0,34.0
I,202.0,12,19.0,27.0
I,202.0,0,23.0,23.0
I,203.0,95,1.0,522.0
I,203.0,87,3.0,219.0
I,203.0,75,5.0,113.0
I,203.0,62,7.0,74.0
I,203.0,50,9.0,55.0
I,203.0,37,12.0,42.0
I,203.0,25,15.0,33.0
I,203.0,12,18.0,26.0
I,203.0,0,22.0,22.0
I,204.0,95,1.0,531.0
I,204.0,87,2.0,220.0
I,204.0,75,4.0,114.0
I,204.0,62,7.0,73.0
I,204.0,50,9.0,55.0
I,204.0,37,11.0,41.0
I,204.0,25,14.0,32.0
I,204.0,12,17.0,25.0
I,204.0,0,21.0,21.0
I,205.0,95,0.0,538.0
I,205.0,87,2.0,221.0
I,205.0,75,4.0,113.0
I,205.0,62,6.0,73.0
I,205.0,50,8.0,54.0
I,205.0,37,11.0,40.0
I,205.0,25,13.0,31.0
I,205.0,12,16.0,24.0
I,205.0,0,20.0,20.0
I,206.0,95,0.0,547.0
I,206.0,87,2.0,223.0
I,206.0,75,4.0,112.0
I,206.0,62,6.0,73.0
I,206.0,50,8.0,53.0
I,206.0,37,10.0,39.0
I,206.0,25,13.0,30.0
I,206.0,12,16.0,24.0
I,206.0,0,19.0,19.0
I,207.0,95,0.0,551.0
I,207.0,87,1.0,225.0
I,207.0,75,3.0,112.0
I,207.0,62,5.0,72.0
I,207.0,50,7.0,53.0
I,207.0,37,10.0,39.0
I,207.0,25,12.0,30.0
I,207.0,12,15.0,23.0
I,207.0,0,19.0,19.0
I,208.0,95,0.0,554.0
I,208.0,87,1.0,225.0
I,208.0,75,3.0,111.0
I,208.0,62,5.0,71.0
I,208.0,50,7.0,52.0
I,208.0,37,9.0,38.0
I,208.0,25,12.0,29.0
I,208.0,12,15.0,23.0
I,208.0,0,18.0,18.0
I,209.0,95,0.0,567.0
I,209.0,87,1.0,223.0
I,209.0,75,3.0,112.0
I,209.0,62,5.0,70.0
I,209.0,50,6.0,51.0
I,209.0,37,9.0,37.0
I,209.0,25,11.0,29.0
I,209.0,12,14.0,22.0
I,209.0,0,18.0,18.0
I,210.0,95,0.0,579.0
I,210.0,87,1.0,225.0
I,210.0,75,2.0,109.0
I,210.0,62,4.0,69.0
I,210.0,50,6.0,50.0
I,210.0,37,8.0,36.0
I,210.0,25,11.0,28.0
I,210.0,12,14.0,22.0
I,210.0,0,17.0,17.0
I,211.0,95,0.0,594.0
I,211.0,87,0.0,226.0
I,211.0,75,2.0,109.0
I,211.0,62,4.0,68.0
I,211.0,50,6.0,50.0
I,211.0,37,8.0,36.0
I,211.0,25,10.0,27.0
I,211.0,12,13.0,21.0
I,211.0,0,17.0,17.0
I,212.0,95,0.0,610.0
I,212.0,87,0.0,228.0
I,212.0,75,2.0,108.0
I,212.0,62,4.0,66.0
I,212.0,50,5.0,49.0
I,212.0,37,7.0,36.0
I,212.0,25,10.0,27.0
I,212.0,12,12.0,20.0
I,212.0,0,16.0,16.0
I,213.0,95,0.0,624.0
I,213.0,87,0.0,232.0
I,213.0,75,2.0,109.0
I,213.0,62,3.0,65.0
I,213.0,50,5.0,47.0
I,213.0,37,7.0,35.0
I,213.0,25,9.0,26.0
I,213.0,12,12.0,20.0
I,213.0,0,15.0,15.0
I,214.0,95,0.0,628.0
I,214.0,87,0.0,234.0
I,214.0,75,1.0,110.0
I,214.0,62,3.0,64.0
I,214.0,50,5.0,46.0
I,214.0,37,7.0,34.0
I,214.0,25,9.0,26.0
I,214.0,12,11.0,19.0
I,214.0,0,15.0,15.0
I,215.0,95,0.0,636.0
I,215.0,87,0.0,242.0
I,215.0,75,1.0,110.0
I,215.0,62,3.0,64.0
I,215.0,50,4.0,46.0
I,215.0,37,6.0,33.0
I,215.0,25,8.0,25.0
I,215.0,12,11.0,19.0
I,215.0,0,14.0,14.0
I,216.0,95,0.0,654.0
I,216.0,87,0.0,244.0
I,216.0,75,1.0,109.0
I,216.0,62,2.0,64.0
I,216.0,50,4.0,45.0
I,216.0,37,6.0,32.0
I,216.0,25,8.0,24.0
I,216.0,12,11.0,18.0
I,216.0,0,14.0,14.0
I,217.0,95,0.0,673.0
I,217.0,87,0.0,249.0
I,217.0,75,1.0,107.0
I,217.0,62,2.0,64.0
I,217.0,50,4.0,45.0
I,217.0,37,6.0,32.0
I,217.0,25,8.0,24.0
I,217.0,12,10.0,18.0
I,217.0,0,14.0,14.0
I,218.0,95,0.0,693.0
I,218.0,87,0.0,256.0
I,218.0,75,1.0,107.0
I,218.0,62,2.0,63.0
I,218.0,50,4.0,44.0
I,218.0,37,5.0,31.0
I,218.0,25,7.0,23.0
I,218.0,12,10.0,17.0
I,218.0,0,13.0,13.0
I,219.0,95,0.0,702.0
I,219.0,87,0.0,258.0
I,219.0,75,0.0,107.0
I,219.0,62,2.0,63.0
I,219.0,50,3.0,44.0
I,219.0,37,5.0,30.0
I,219.0,25,7.0,23.0
I,219.0,12,10.0,17.0
I,219.0,0,13.0,13.0
I,220.0,95,0.0,727.0
I,220.0,87,0.0,265.0
I,220.0,75,0.0,109.0
I,220.0,62,2.0,62.0
I,220.0,50,3.0,43.0
I,220.0,37,5.0,30.0
I,220.0,25,7.0,22.0
I,220.0,12,9.0,16.0
I,220.0,0,12.0,12.0
I,221.0,95,0.0,749.0
I,221.0,87,0.0,273.0
I,221.0,75,0.0,109.0
I,221.0,62,1.0,62.0
I,221.0,50,3.0,43.0
I,221.0,37,5.0,30.0
I,221.0,25,6.0,22.0
I,221.0,12,9.0,16.0
I,221.0,0,12.0,12.0
I,222.0,95,0.0,770.0
I,222.0,87,0.0,277.0
I,222.0,75,0.0,111.0
I,222.0,62,1.0,63.0
I,222.0,50,3.0,43.0
I,222.0,37,4.0,29.0
I,222.0,25,6.0,22.0
I,222.0,12,9.0,16.0
I,222.0,0,12.0,12.0
I,223.0,95,0.0,791.0
I,223.0,87,0.0,281.0
I,223.0,75,0.0,112.0
I,223.0,62,1.0,63.0
I,223.0,50,2.0,43.0
I,223.0,37,4.0,29.0
I,223.0,25,6.0,21.0
I,223.0,12,8.0,15.0
I,223.0,0,11.0,11.0
I,224.0,95,0.0,818.0
I,224.0,87,0.0,285.0
I,224.0,75,0.0,113.0
I,224.0,62,1.0,64.0
I,224.0,50,2.0,42.0
I,224.0,37,4.0,29.0
I,224.0,25,6.0,21.0
I,224.0,12,8.0,15.0
I,224.0,0,11.0,11.0
I,225.0,95,0.0,836.0
I,225.0,87,0.0,292.0
I,225.0,75,0.0,114.0
I,225.0,62,1.0,64.0
I,225.0,50,2.0,42.0
I,225.0,37,4.0,28.0
I,225.0,25,5.0,21.0
I,225.0,12,8.0,15.0
I,225.0,0,11.0,11.0
I,226.0,95,0.0,861.0
I,226.0,87,0.0,295.0
I,226.0,75,0.0,114.0
I,226.0,62,0.0,63.0
I,226.0,50,2.0,42.0
I,226.0,37,3.0,28.0
I,226.0,25,5.0,20.0
I,226.0,12,7.0,14.0
I,226.0,0,10.0,10.0
I,227.0,95,0.0,876.0
I,227.0,87,0.0,302.0
I,227.0,75,0.0,116.0
I,227.0,62,0.0,64.0
I,227.0,50,2.0,42.0
I,227.0,37,3.0,28.0
I,227.0,25,5.0,19.0
I,227.0,12,7.0,14.0
I,227.0,0,10.0,10.0
I,228.0,95,0.0,893.0
I,228.0,87,0.0,308.0
I,228.0,75,0.0,117.0
I,228.0,62,0.0,63.0
I,228.0,50,1.0,42.0
I,228.0,37,3.0,28.0
I,228.0,25,5.0,19.0
I,228.0,12,7.0,14.0
I,228.0,0,10.0,10.0
I,229.0,95,0.0,916.0
I,229.0,87,0.0,316.0
I,229.0,75,0.0,120.0
I,229.0,62,0.0,64.0
I,229.0,50,1.0,42.0
I,229.0,37,3.0,28.0
I,229.0,25,5.0,19.0
I,229.0,12,7.0,13.0
I,229.0,0,10.0,10.0
I,230.0,95,0.0,957.0
I,230.0,87,0.0,326.0
I,230.0,75,0.0,120.0
I,230.0,62,0.0,63.0
I,230.0,50,1.0,42.0
I,230.0,37,3.0,27.0
I,230.0,25,5.0,19.0
I,230.0,12,7.0,13.0
I,230.0,0,9.0,9.0
I,231.0,95,0.0,980.0
I,231.0,87,0.0,336.0
I,231.0,75,0.0,120.0
I,231.0,62,0.0,62.0
I,231.0,50,1.0,42.0
I,231.0,37,3.0,27.0
I,231.0,25,4.0,18.0
I,231.0,12,6.0,13.0
I,231.0,0,9.0,9.0
I,232.0,95,0.0,1005.0
I,232.0,87,0.0,345.0
I,232.0,75,0.0,120.0
I,232.0,62,0.0,62.0
I,232.0,50,1.0,42.0
I,232.0,37,2.0,27.0
I,232.0,25,4.0,18.0
I,232.0,12,6.0,12.0
I,232.0,0,9.0,9.0
I,233.0,95,0.0,1037.0
I,233.0,87,0.0,356.0
I,233.0,75,0.0,121.0
I,233.0,62,0.0,62.0
I,233.0,50,1.0,41.0
I,233.0,37,2.0,27.0
I,233.0,25,4.0,18.0
I,233.0,12,6.0,12.0
I,233.0,0,8.0,8.0
I,234.0,95,0.0,1063.0
I,234.0,87,0.0,363.0
I,234.0,75,0.0,120.0
I,234.0,62,0.0,60.0
I,234.0,50,0.0,41.0
I,234.0,37,2.0,27.0
I,234.0,25,3.0,18.0
I,234.0,12,5.0,12.0
I,234.0,0,8.0,8.0
I,235.0,95,0.0,1092.0
I,235.0,87,0.0,373.0
I,235.0,75,0.0,121.0
I,235.0,62,0.0,61.0
I,235.0,50,0.0,41.0
I,235.0,37,2.0,27.0
I,235.0,25,3.0,18.0
I,235.0,12,5.0,12.0
I,235.0,0,8.0,8.0
I,236.0,95,0.0,1125.0
I,236.0,87,0.0,382.0
I,236.0,75,0.0,123.0
I,236.0,62,0.0,60.0
I,236.0,50,0.0,40.0
I,236.0,37,1.0,27.0
I,236.0,25,3.0,17.0
I,236.0,12,5.0,11.0
I,236.0,0,8.0,8.0
I,237.0,95,0.0,1157.0
I,237.0,87,0.0,389.0
I,237.0,75,0.0,123.0
I,237.0,62,0.0,61.0
I,237.0,50,0.0,41.0
I,237.0,37,1.0,26.0
I,237.0,25,3.0,17.0
I,237.0,12,5.0,11.0
I,237.0,0,7.0,7.0
I,238.0,95,0.0,1190.0
I,238.0,87,0.0,398.0
I,238.0,75,0.0,122.0
I,238.0,62,0.0,61.0
I,238.0,50,0.0,41.0
I,238.0,37,1.0,26.0
I,238.0,25,3.0,17.0
I,238.0,12,5.0,11.0
I,238.0,0,7.0,7.0
I,239.0,95,0.0,1225.0
I,239.0,87,0.0,404.0
I,239.0,75,0.0,123.0
I,239.0,62,0.0,60.0
I,239.0,50,0.0,41.0
I,239.0,37,1.0,25.0
I,239.0,25,2.0,16.0
I,239.0,12,4.0,11.0
I,239.0,0,7.0,7.0
I,240.0,95,0.0,1260.0
I,240.0,87,0.0,413.0
I,240.0,75,0.0,124.0
I,240.0,62,0.0,61.0
I,240.0,50,0.0,41.0
I,240.0,37,1.0,25.0
I,240.0,25,2.0,16.0
I,240.0,12,4.0,11.0
I,240.0,0,7.0,7.0
I,241.0,95,0.0,1297.0
I,241.0,87,0.0,422.0
I,241.0,75,0.0,124.0
I,241.0,62,0.0,61.0
I,241.0,50,0.0,41.0
I,241.0,37,1.0,25.0
I,241.0,25,2.0,17.0
I,241.0,12,4.0,11.0
I,241.0,0,7.0,7.0
I,242.0,95,0.0,1335.0
I,242.0,87,0.0,431.0
I,242.0,75,0.0,126.0
I,242.0,62,0.0,60.0
I,242.0,50,0.0,40.0
I,242.0,37,1.0,25.0
I,242.0,25,2.0,16.0
I,242.0,12,4.0,11.0
I,242.0,0,7.0,7.0
I,243.0,95,0.0,1374.0
I,243.0,87,0.0,446.0
I,243.0,75,0.0,127.0
I,243.0,62,0.0,61.0
I,243.0,50,0.0,41.0
I,243.0,37,0.0,25.0
I,243.0,25,2.0,16.0
I,243.0,12,4.0,11.0
I,243.0,0,7.0,7.0
I,244.0,95,0.0,1415.0
I,244.0,87,0.0,465.0
I,244.0,75,0.0,131.0
I,244.0,62,0.0,62.0
I,244.0,50,0.0,40.0
I,244.0,37,0.0,25.0
I,244.0,25,2.0,16.0
I,244.0,12,4.0,10.0
I,244.0,0,6.0,6.0
I,245.0,95,0.0,1456.0
I,245.0,87,0.0,474.0
I,245.0,75,0.0,132.0
I,245.0,62,0.0,63.0
I,245.0,50,0.0,40.0
I,245.0,37,0.0,25.0
I,245.0,25,2.0,16.0
I,245.0,12,3.0,10.0
I,245.0,0,6.0,6.0
I,246.0,95,0.0,1499.0
I,246.0,87,0.0,480.0
I,246.0,75,0.0,134.0
I,246.0,62,0.0,62.0
I,246.0,50,0.0,41.0
I,246.0,37,0.0,26.0
I,246.0,25,1.0,16.0
I,246.0,12,3.0,10.0
I,246.0,0,6.0,6.0
I,247.0,95,0.0,1543.0
I,247.0,87,0.0,488.0
I,247.0,75,0.0,135.0
I,247.0,62,0.0,61.0
I,247.0,50,0.0,40.0
I,247.0,37,0.0,25.0
I,247.0,25,1.0,16.0
I,247.0,12,3.0,10.0
I,247.0,0,6.0,6.0
I,248.0,95,0.0,1588.0
I,248.0,87,0.0,501.0
I,248.0,75,0.0,137.0
I,248.0,62,0.0,63.0
I,248.0,50,0.0,41.0
I,248.0,37,0.0,24.0
I,248.0,25,1.0,15.0
I,248.0,12,3.0,9.0
I,248.0,0,6.0,6.0
I,249.0,95,0.0,1634.0
I,249.0,87,0.0,507.0
I,249.0,75,0.0,140.0
I,249.0,62,0.0,64.0
I,249.0,50,0.0,40.0
I,249.0,37,0.0,24.0
I,249.0,25,1.0,15.0
I,249.0,12,3.0,9.0
I,249.0,0,6.0,6.0
I,250.0,95,0.0,1682.0
I,250.0,87,0.0,521.0
I,250.0,75,0.0,142.0
I,250.0,62,0.0,65.0
I,250.0,50,0.0,40.0
I,250.0,37,0.0,23.0
I,250.0,25,1.0,15.0
I,250.0,12,3.0,9.0
I,250.0,0,5.0,5.0
I,251.0,95,0.0,1730.0
I,251.0,87,0.0,542.0
I,251.0,75,0.0,146.0
I,251.0,62,0.0,65.0
I,251.0,50,0.0,40.0
I,251.0,37,0.0,23.0
I,251.0,25,1.0,15.0
I,251.0,12,3.0,9.0
I,251.0,0,5.0,5.0
I,252.0,95,0.0,1780.0
I,252.0,87,0.0,553.0
I,252.0,75,0.0,148.0
I,252.0,62,0.0,67.0
I,252.0,50,0.0,40.0
I,252.0,37,0.0,23.0
I,252.0,25,1.0,14.0
I,252.0,12,3.0,9.0
I,252.0,0,5.0,5.0
I,253.0,95,0.0,1830.0
I,253.0,87,0.0,563.0
I,253.0,75,0.0,149.0
I,253.0,62,0.0,68.0
I,253.0,50,0.0,40.0
I,253.0,37,0.0,22.0
I,253.0,25,1.0,14.0
I,253.0,12,3.0,9.0
I,253.0,0,5.0,5.0
I,254.0,95,0.0,1882.0
I,254.0,87,0.0,584.0
I,254.0,75,0.0,154.0
I,254.0,62,0.0,69.0
I,254.0,50,0.0,41.0
I,254.0,37,0.0,22.0
I,254.0,25,0.0,14.0
I,254.0,12,2.0,8.0
I,254.0,0,5.0,5.0
I,255.0,95,0.0,1935.0
I,255.0,87,0.0,603.0
I,255.0,75,0.0,155.0
I,255.0,62,0.0,72.0
I,255.0,50,0.0,41.0
I,255.0,37,0.0,22.0
I,255.0,25,0.0,14.0
I,255.0,12,2.0,8.0
I,255.0,0,5.0,5.0
I,256.0,95,0.0,1989.0
I,256.0,87,0.0,630.0
I,256.0,75,0.0,158.0
I,256.0,62,0.0,74.0
I,256.0,50,0.0,42.0
I,256.0,37,0.0,22.0
I,256.0,25,0.0,14.0
I,256.0,12,2.0,8.0
I,256.0,0,4.0,4.0
I,257.0,95,0.0,2043.0
I,257.0,87,0.0,650.0
I,257.0,75,0.0,162.0
I,257.0,62,0.0,74.0
I,257.0,50,0.0,42.0
I,257.0,37,0.0,21.0
I,257.0,25,0.0,14.0
I,257.0,12,2.0,8.0
I,257.0,0,4.0,4.0
I,258.0,95,0.0,2099.0
I,258.0,87,0.0,672.0
I,258.0,75,0.0,169.0
I,258.0,62,0.0,75.0
I,258.0,50,0.0,42.0
I,258.0,37,0.0,22.0
I,258.0,25,0.0,14.0
I,258.0,12,2.0,8.0
I,258.0,0,4.0,4.0
I,259.0,95,0.0,2155.0
I,259.0,87,0.0,687.0
I,259.0,75,0.0,174.0
I,259.0,62,0.0,76.0
I,259.0,50,0.0,42.0
I,259.0,37,0.0,22.0
I,259.0,25,0.0,14.0
I,259.0,12,2.0,8.0
I,259.0,0,4.0,4.0
I,260.0,95,0.0,2212.0
I,260.0,87,0.0,703.0
I,260.0,75,0.0,180.0
I,260.0,62,0.0,77.0
I,260.0,50,0.0,42.0
I,260.0,37,0.0,22.0
I,260.0,25,0.0,13.0
I,260.0,12,2.0,8.0
I,260.0,0,4.0,4.0
I,261.0,95,0.0,2270.0
I,261.0,87,0.0,718.0
I,261.0,75,0.0,183.0
I,261.0,62,0.0,77.0
I,261.0,50,0.0,42.0
I,261.0,37,0.0,22.0
I,261.0,25,0.0,13.0
I,261.0,12,1.0,8.0
I,261.0,0,4.0,4.0
I,262.0,95,0.0,2327.0
I,262.0,87,0.0,737.0
I,262.0,75,0.0,189.0
I,262.0,62,0.0,78.0
I,262.0,50,0.0,43.0
I,262.0,37,0.0,23.0
I,262.0,25,0.0,13.0
I,262.0,12,1.0,8.0
I,262.0,0,4.0,4.0
I,263.0,95,0.0,2386.0
I,263.0,87,0.0,753.0
I,263.0,75,0.0,189.0
I,263.0,62,0.0,80.0
I,263.0,50,0.0,44.0
I,263.0,37,0.0,23.0
I,263.0,25,0.0,13.0
I,263.0,12,1.0,8.0
I,263.0,0,4.0,4.0
I,264.0,95,0.0,2444.0
I,264.0,87,0.0,769.0
I,264.0,75,0.0,192.0
I,264.0,62,0.0,81.0
I,264.0,50,0.0,46.0
I,264.0,37,0.0,23.0
I,264.0,25,0.0,13.0
I,264.0,12,1.0,8.0
I,264.0,0,4.0,4.0
I,265.0,95,0.0,2502.0
I,265.0,87,0.0,790.0
I,265.0,75,0.0,199.0
I,265.0,62,0.0,83.0
I,265.0,50,0.0,47.0
I,265.0,37,0.0,23.0
I,265.0,25,0.0,13.0
I,265.0,12,1.0,7.0
I,265.0,0,4.0,4.0
I,266.0,95,0.0,2561.0
I,266.0,87,0.0,817.0
I,266.0,75,0.0,200.0
I,266.0,62,0.0,83.0
I,266.0,50,0.0,47.0
I,266.0,37,0.0,23.0
I,266.0,25,0.0,13.0
I,266.0,12,1.0,7.0
I,266.0,0,4.0,4.0
I,267.0,95,0.0,2619.0
I,267.0,87,0.0,843.0
I,267.0,75,0.0,206.0
I,267.0,62,0.0,82.0
I,267.0,50,0.0,46.0
I,267.0,37,0.0,23.0
I,267.0,25,0.0,13.0
I,267.0,12,1.0,7.0
I,267.0,0,4.0,4.0
I,268.0,95,0.0,2676.0
I,268.0,87,0.0,886.0
I,268.0,75,0.0,210.0
I,268.0,62,0.0,84.0
I,268.0,50,0.0,47.0
I,268.0,37,0.0,23.0
I,268.0,25,0.0,13.0
I,268.0,12,1.0,7.0
I,268.0,0,3.0,3.0
I,269.0,95,0.0,2732.0
I,269.0,87,0.0,914.0
I,269.0,75,0.0,216.0
I,269.0,62,0.0,86.0
I,269.0,50,0.0,47.0
I,269.0,37,0.0,23.0
I,269.0,25,0.0,12.0
I,269.0,12,0.0,7.0
I,269.0,0,3.0,3.0
I,270.0,95,0.0,2787.0
I,270.0,87,0.0,954.0
I,270.0,75,0.0,222.0
I,270.0,62,0.0,88.0
I,270.0,50,0.0,47.0
I,270.0,37,0.0,23.0
I,270.0,25,0.0,12.0
I,270.0,12,0.0,7.0
I,270.0,0,3.0,3.0
I,271.0,95,0.0,2841.0
I,271.0,87,0.0,983.0
I,271.0,75,0.0,230.0
I,271.0,62,0.0,91.0
I,271.0,50,0.0,48.0
I,271.0,37,0.0,24.0
I,271.0,25,0.0,13.0
I,271.0,12,0.0,7.0
I,271.0,0,3.0,3.0
I,272.0,95,0.0,2892.0
I,272.0,87,0.0,1018.0
I,272.0,75,0.0,238.0
I,272.0,62,0.0,91.0
I,272.0,50,0.0,49.0
I,272.0,37,0.0,24.0
I,272.0,25,0.0,13.0
I,272.0,12,0.0,7.0
I,272.0,0,3.0,3.0
I,273.0,95,0.0,2940.0
I,273.0,87,0.0,1050.0
I,273.0,75,0.0,246.0
I,273.0,62,0.0,91.0
I,273.0,50,0.0,50.0
I,273.0,37,0.0,24.0
I,273.0,25,0.0,13.0
I,273.0,12,0.0,7.0
I,273.0,0,3.0,3.0
I,274.0,95,0.0,2984.0
I,274.0,87,0.0,1080.0
I,274.0,75,0.0,254.0
I,274.0,62,0.0,94.0
I,274.0,50,0.0,50.0
I,274.0,37,0.0,24.0
I,274.0,25,0.0,13.0
I,274.0,12,0.0,6.0
I,274.0,0,3.0,3.0
I,275.0,95,0.0,3025.0
I,275.0,87,0.0,1119.0
I,275.0,75,0.0,260.0
I,275.0,62,0.0,96.0
I,275.0,50,0.0,51.0
I,275.0,37,0.0,24.0
I,275.0,25,0.0,13.0
I,275.0,12,0.0,7.0
I,275.0,0,3.0,3.0
I,276.0,95,0.0,3060.0
I,276.0,87,0.0,1158.0
I,276.0,75,0.0,262.0
I,276.0,62,0.0,99.0
I,276.0,50,0.0,52.0
I,276.0,37,0.0,24.0
I,276.0,25,0.0,13.0
I,276.0,12,0.0,6.0
I,276.0,0,2.0,2.0
I,277.0,95,0.0,3092.0
I,277.0,87,0.0,1196.0
I,277.0,75,0.0,272.0
I,277.0,62,0.0,100.0
I,277.0,50,0.0,53.0
I,277.0,37,0.0,24.0
I,277.0,25,0.0,13.0
I,277.0,12,0.0,7.0
I,277.0,0,2.0,2.0
I,278.0,95,0.0,3119.0
I,278.0,87,0.0,1236.0
I,278.0,75,0.0,281.0
I,278.0,62,0.0,102.0
I,278.0,50,0.0,54.0
I,278.0,37,0.0,25.0
I,278.0,25,0.0,14.0
I,278.0,12,0.0,7.0
I,278.0,0,3.0,3.0
I,279.0,95,0.0,3143.0
I,279.0,87,0.0,1278.0
I,279.0,75,0.0,291.0
I,279.0,62,0.0,104.0
I,279.0,50,0.0,54.0
I,279.0,37,0.0,26.0
I,279.0,25,0.0,14.0
I,279.0,12,0.0,7.0
I,279.0,0,2.0,2.0
I,280.0,95,0.0,3163.0
I,280.0,87,0.0,1320.0
I,280.0,75,0.0,301.0
I,280.0,62,0.0,107.0
I,280.0,50,0.0,55.0
I,280.0,37,0.0,26.0
I,280.0,25,0.0,14.0
I,280.0,12,0.0,7.0
I,280.0,0,2.0,2.0
I,281.0,95,0.0,3182.0
I,281.0,87,0.0,1364.0
I,281.0,75,0.0,308.0
I,281.0,62,0.0,110.0
I,281.0,50,0.0,56.0
I,281.0,37,0.0,26.0
I,281.0,25,0.0,14.0
I,281.0,12,0.0,7.0
I,281.0,0,2.0,2.0
I,282.0,95,0.0,3198.0
I,282.0,87,0.0,1409.0
I,282.0,75,0.0,322.0
I,282.0,62,0.0,114.0
I,282.0,50,0.0,58.0
I,282.0,37,0.0,27.0
I,282.0,25,0.0,14.0
I,282.0,12,0.0,7.0
I,282.0,0,2.0,2.0
I,283.0,95,0.0,3214.0
I,283.0,87,0.0,1456.0
I,283.0,75,0.0,335.0
I,283.0,62,0.0,116.0
I,283.0,50,0.0,60.0
I,283.0,37,0.0,27.0
I,283.0,25,0.0,14.0
I,283.0,12,0.0,7.0
I,283.0,0,2.0,2.0
I,284.0,95,0.0,3229.0
I,284.0,87,0.0,1504.0
I,284.0,75,0.0,341.0
I,284.0,62,0.0,118.0
I,284.0,50,0.0,62.0
I,284.0,37,0.0,26.0
I,284.0,25,0.0,14.0
I,284.0,12,0.0,7.0
I,284.0,0,2.0,2.0
I,285.0,95,0.0,3244.0
I,285.0,87,0.0,1553.0
I,285.0,75,0.0,354.0
I,285.0,62,0.0,122.0
I,285.0,50,0.0,61.0
I,285.0,37,0.0,28.0
I,285.0,25,0.0,14.0
I,285.0,12,0.0,7.0
I,285.0,0,2.0,2.0
I,286.0,95,0.0,3259.0
I,286.0,87,0.0,1603.0
I,286.0,75,0.0,363.0
I,286.0,62,0.0,126.0
I,286.0,50,0.0,61.0
I,286.0,37,0.0,29.0
I,286.0,25,0.0,14.0
I,286.0,12,0.0,7.0
I,286.0,0,2.0,2.0
I,287.0,95,0.0,3275.0
I,287.0,87,0.0,1655.0
I,287.0,75,0.0,378.0
I,287.0,62,0.0,128.0
I,287.0,50,0.0,64.0
I,287.0,37,0.0,29.0
I,287.0,25,0.0,14.0
I,287.0,12,0.0,7.0
I,287.0,0,2.0,2.0
I,288.0,95,0.0,3291.0
I,288.0,87,0.0,1708.0
I,288.0,75,0.0,393.0
I,288.0,62,0.0,131.0
I,288.0,50,0.0,66.0
I,288.0,37,0.0,29.0
I,288.0,25,0.0,15.0
I,288.0,12,0.0,6.0
I,288.0,0,2.0,2.0
I,289.0,95,0.0,3307.0
I,289.0,87,0.0,1762.0
I,289.0,75,0.0,406.0
I,289.0,62,0.0,133.0
I,289.0,50,0.0,66.0
I,289.0,37,0.0,30.0
I,289.0,25,0.0,14.0
I,289.0,12,0.0,7.0
I,289.0,0,1.0,1.0
I,290.0,95,0.0,3323.0
I,290.0,87,0.0,1817.0
I,290.0,75,0.0,419.0
I,290.0,62,0.0,138.0
I,290.0,50,0.0,67.0
I,290.0,37,0.0,31.0
I,290.0,25,0.0,14.0
I,290.0,12,0.0,7.0
I,290.0,0,1.0,1.0
I,291.0,95,0.0,3340.0
I,291.0,87,0.0,1873.0
I,291.0,75,0.0,432.0
I,291.0,62,0.0,143.0
I,291.0,50,0.0,69.0
I,291.0,37,0.0,32.0
I,291.0,25,0.0,15.0
I,291.0,12,0.0,7.0
I,291.0,0,1.0,1.0
I,292.0,95,0.0,3357.0
I,292.0,87,0.0,1931.0
I,292.0,75,0.0,450.0
I,292.0,62,0.0,148.0
I,292.0,50,0.0,69.0
I,292.0,37,0.0,31.0
I,292.0,25,0.0,15.0
I,292.0,12,0.0,6.0
I,292.0,0,1.0,1.0
I,293.0,95,0.0,3374.0
I,293.0,87,0.0,1989.0
I,293.0,75,0.0,466.0
I,293.0,62,0.0,151.0
I,293.0,50,0.0,71.0
I,293.0,37,0.0,31.0
I,293.0,25,0.0,15.0
I,293.0,12,0.0,6.0
I,293.0,0,0.0,0.0
I,294.0,95,0.0,3391.0
I,294.0,87,0.0,2047.0
I,294.0,75,0.0,487.0
I,294.0,62,0.0,157.0
I,294.0,50,0.0,71.0
I,294.0,37,0.0,32.0
I,294.0,25,0.0,15.0
I,294.0,12,0.0,6.0
I,294.0,0,1.0,1.0
I,295.0,95,0.0,3407.0
I,295.0,87,0.0,2107.0
I,295.0,75,0.0,505.0
I,295.0,62,0.0,163.0
I,295.0,50,0.0,74.0
I,295.0,37,0.0,32.0
I,295.0,25,0.0,15.0
I,295.0,12,0.0,6.0
I,295.0,0,0.0,0.0
I,296.0,95,0.0,3424.0
I,296.0,87,0.0,2167.0
I,296.0,75,0.0,519.0
I,296.0,62,0.0,164.0
I,296.0,50,0.0,75.0
I,296.0,37,0.0,32.0
I,296.0,25,0.0,15.0
I,296.0,12,0.0,6.0
I,296.0,0,0.0,0.0
I,297.0,95,0.0,3439.0
I,297.0,87,0.0,2227.0
I,297.0,75,0.0,535.0
I,297.0,62,0.0,167.0
I,297.0,50,0.0,77.0
I,297.0,37,0.0,32.0
I,297.0,25,0.0,15.0
I,297.0,12,0.0,6.0
I,297.0,0,0.0,0.0
I,298.0,95,0.0,3454.0
I,298.0,87,0.0,2287.0
I,298.0,75,0.0,558.0
I,298.0,62,0.0,172.0
I,298.0,50,0.0,79.0
I,298.0,37,0.0,32.0
I,298.0,25,0.0,16.0
I,298.0,12,0.0,6.0
I,298.0,0,0.0,0.0
I,299.0,95,0.0,3468.0
I,299.0,87,0.0,2346.0
I,299.0,75,0.0,574.0
I,299.0,62,0.0,177.0
I,299.0,50,0.0,82.0
I,299.0,37,0.0,32.0
I,299.0,25,0.0,15.0
I,299.0,12,0.0,6.0
I,299.0,0,0.0,0.0
I,300.0,95,0.0,3481.0
I,300.0,87,0.0,2403.0
I,300.0,75,0.0,598.0
I,300.0,62,0.0,183.0
I,300.0,50,0.0,84.0
I,300.0,37,0.0,34.0
I,300.0,25,0.0,15.0
I,300.0,12,0.0,6.0
I,300.0,0,0.0,0.0
I,301.0,95,0.0,3492.0
I,301.0,87,0.0,2456.0
I,301.0,75,0.0,614.0
I,301.0,62,0.0,192.0
I,301.0,50,0.0,86.0
I,301.0,37,0.0,35.0
I,301.0,25,0.0,15.0
I,301.0,12,0.0,6.0
I,301.0,0,0.0,0.0
I,302.0,95,0.0,3503.0
I,302.0,87,0.0,2506.0
I,302.0,75,0.0,633.0
I,302.0,62,0.0,200.0
I,302.0,50,0.0,90.0
I,302.0,37,0.0,36.0
I,302.0,25,0.0,15.0
I,302.0,12,0.0,6.0
I,302.0,0,0.0,0.0
I,303.0,95,0.0,3512.0
I,303.0,87,0.0,2550.0
I,303.0,75,0.0,660.0
I,303.0,62,0.0,204.0
I,303.0,50,0.0,92.0
I,303.0,37,0.0,37.0
I,303.0,25,0.0,15.0
I,303.0,12,0.0,5.0
I,303.0,0,0.0,0.0
I,304.0,95,0.0,3519.0
I,304.0,87,0.0,2590.0
I,304.0,75,0.0,679.0
I,304.0,62,0.0,212.0
I,304.0,50,0.0,96.0
I,304.0,37,0.0,37.0
I,304.0,25,0.0,15.0
I,304.0,12,0.0,5.0
I,304.0,0,0.0,0.0
I,305.0,95,0.0,3526.0
I,305.0,87,0.0,2624.0
I,305.0,75,0.0,701.0
I,305.0,62,0.0,221.0
I,305.0,50,0.0,96.0
I,305.0,37,0.0,39.0
I,305.0,25,0.0,16.0
I,305.0,12,0.0,6.0
I,305.0,0,0.0,0.0
I,306.0,95,0.0,3532.0
I,306.0,87,0.0,2654.0
I,306.0,75,0.0,728.0
I,306.0,62,0.0,232.0
I,306.0,50,0.0,100.0
I,306.0,37,0.0,40.0
I,306.0,25,0.0,16.0
I,306.0,12,0.0,5.0
I,306.0,0,0.0,0.0
I,307.0,95,0.0,3537.0
I,307.0,87,0.0,2679.0
I,307.0,75,0.0,753.0
I,307.0,62,0.0,242.0
I,307.0,50,0.0,101.0
I,307.0,37,0.0,40.0
I,307.0,25,0.0,16.0
I,307.0,12,0.0,5.0
I,307.0,0,0.0,0.0
I,308.0,95,0.0,3542.0
I,308.0,87,0.0,2701.0
I,308.0,75,0.0,776.0
I,308.0,62,0.0,252.0
I,308.0,50,0.0,104.0
I,308.0,37,0.0,40.0
I,308.0,25,0.0,16.0
I,308.0,12,0.0,5.0
I,308.0,0,0.0,0.0
I,309.0,95,0.0,3546.0
I,309.0,87,0.0,2720.0
I,309.0,75,0.0,797.0
I,309.0,62,0.0,259.0
I,309.0,50,0.0,106.0
I,309.0,37,0.0,42.0
I,309.0,25,0.0,16.0
I,309.0,12,0.0,5.0
I,309.0,0,0.0,0.0
I,310.0,95,0.0,3550.0
I,310.0,87,0.0,2736.0
I,310.0,75,0.0,830.0
I,310.0,62,0.0,274.0
I,310.0,50,0.0,109.0
I,310.0,37,0.0,43.0
I,310.0,25,0.0,16.0
I,310.0,12,0.0,5.0
I,310.0,0,0.0,0.0
I,311.0,95,0.0,3553.0
I,311.0,87,0.0,2750.0
I,311.0,75,0.0,856.0
I,311.0,62,0.0,284.0
I,311.0,50,0.0,111.0
I,311.0,37,0.0,43.0
I,311.0,25,0.0,17.0
I,311.0,12,0.0,5.0
I,311.0,0,0.0,0.0
I,312.0,95,0.0,3557.0
I,312.0,87,0.0,2762.0
I,312.0,75,0.0,893.0
I,312.0,62,0.0,293.0
I,312.0,50,0.0,116.0
I,312.0,37,0.0,43.0
I,312.0,25,0.0,18.0
I,312.0,12,0.0,4.0
I,312.0,0,0.0,0.0
I,313.0,95,0.0,3560.0
I,313.0,87,0.0,2773.0
I,313.0,75,0.0,929.0
I,313.0,62,0.0,306.0
I,313.0,50,0.0,119.0
I,313.0,37,0.0,46.0
I,313.0,25,0.0,18.0
I,313.0,12,0.0,4.0
I,313.0,0,0.0,0.0
I,314.0,95,0.0,3563.0
I,314.0,87,0.0,2784.0
I,314.0,75,0.0,974.0
I,314.0,62,0.0,313.0
I,314.0,50,0.0,124.0
I,314.0,37,0.0,48.0
I,314.0,25,0.0,18.0
I,314.0,12,0.0,4.0
I,314.0,0,0.0,0.0
I,315.0,95,0.0,3565.0
I,315.0,87,0.0,2794.0
I,315.0,75,0.0,1012.0
I,315.0,62,0.0,325.0
I,315.0,50,0.0,127.0
I,315.0,37,0.0,50.0
I,315.0,25,0.0,18.0
I,315.0,12,0.0,4.0
I,315.0,0,0.0,0.0
I,316.0,95,0.0,3566.0
I,316.0,87,0.0,2805.0
I,316.0,75,0.0,1045.0
I,316.0,62,0.0,337.0
I,316.0,50,0.0,132.0
I,316.0,37,0.0,52.0
I,316.0,25,0.0,19.0
I,316.0,12,0.0,4.0
I,316.0,0,0.0,0.0
I,317.0,95,0.0,3567.0
I,317.0,87,0.0,2816.0
I,317.0,75,0.0,1088.0
I,317.0,62,0.0,351.0
I,317.0,50,0.0,136.0
I,317.0,37,0.0,53.0
I,317.0,25,0.0,20.0
I,317.0,12,0.0,4.0
I,317.0,0,0.0,0.0
I,318.0,95,0.0,3567.0
I,318.0,87,0.0,2828.0
I,318.0,75,0.0,1129.0
I,318.0,62,0.0,362.0
I,318.0,50,0.0,140.0
I,318.0,37,0.0,54.0
I,318.0,25,0.0,20.0
I,318.0,12,0.0,4.0
I,318.0,0,0.0,0.0
I,319.0,95,0.0,3566.0
I,319.0,87,0.0,2839.0
I,319.0,75,0.0,1170.0
I,319.0,62,0.0,373.0
I,319.0,50,0.0,145.0
I,319.0,37,0.0,54.0
I,319.0,25,0.0,21.0
I,319.0,12,0.0,4.0
I,319.0,0,0.0,0.0
I,320.0,95,0.0,3564.0
I,320.0,87,0.0,2851.0
I,320.0,75,0.0,1213.0
I,320.0,62,0.0,389.0
I,320.0,50,0.0,150.0
I,320.0,37,0.0,55.0
I,320.0,25,0.0,21.0
I,320.0,12,0.0,4.0
I,320.0,0,0.0,0.0
I,321.0,95,0.0,3561.0
I,321.0,87,0.0,2863.0
I,321.0,75,0.0,1257.0
I,321.0,62,0.0,408.0
I,321.0,50,0.0,156.0
I,321.0,37,0.0,56.0
I,321.0,25,0.0,21.0
I,321.0,12,0.0,4.0
I,321.0,0,0.0,0.0
I,322.0,95,0.0,3557.0
I,322.0,87,0.0,2874.0
I,322.0,75,0.0,1303.0
I,322.0,62,0.0,425.0
I,322.0,50,0.0,162.0
I,322.0,37,0.0,56.0
I,322.0,25,0.0,21.0
I,322.0,12,0.0,4.0
I,322.0,0,0.0,0.0
I,323.0,95,0.0,3553.0
I,323.0,87,0.0,2884.0
I,323.0,75,0.0,1350.0
I,323.0,62,0.0,444.0
I,323.0,50,0.0,168.0
I,323.0,37,0.0,57.0
I,323.0,25,0.0,22.0
I,323.0,12,0.0,3.0
I,323.0,0,0.0,0.0
I,324.0,95,0.0,3549.0
I,324.0,87,0.0,2893.0
I,324.0,75,0.0,1398.0
I,324.0,62,0.0,461.0
I,324.0,50,0.0,176.0
I,324.0,37,0.0,59.0
I,324.0,25,0.0,22.0
I,324.0,12,0.0,3.0
I,324.0,0,0.0,0.0
I,325.0,95,0.0,3544.0
I,325.0,87,0.0,2902.0
I,325.0,75,0.0,1448.0
I,325.0,62,0.0,480.0
I,325.0,50,0.0,179.0
I,325.0,37,0.0,61.0
I,325.0,25,0.0,23.0
I,325.0,12,0.0,3.0
I,325.0,0,0.0,0.0
I,326.0,95,0.0,3540.0
I,326.0,87,0.0,2911.0
I,326.0,75,0.0,1499.0
I,326.0,62,0.0,492.0
I,326.0,50,0.0,185.0
I,326.0,37,0.0,65.0
I,326.0,25,0.0,23.0
I,326.0,12,0.0,3.0
I,326.0,0,0.0,0.0
I,327.0,95,0.0,3536.0
I,327.0,87,0.0,2919.0
I,327.0,75,0.0,1551.0
I,327.0,62,0.0,511.0
I,327.0,50,0.0,198.0
I,327.0,37,0.0,67.0
I,327.0,25,0.0,24.0
I,327.0,12,0.0,3.0
I,327.0,0,0.0,0.0
I,328.0,95,0.0,3532.0
I,328.0,87,0.0,2927.0
I,328.0,75,0.0,1604.0
I,328.0,62,0.0,529.0
I,328.0,50,0.0,204.0
I,328.0,37,0.0,68.0
I,328.0,25,0.0,25.0
I,328.0,12,0.0,3.0
I,328.0,0,0.0,0.0
I,329.0,95,0.0,3529.0
I,329.0,87,0.0,2935.0
I,329.0,75,0.0,1659.0
I,329.0,62,0.0,549.0
I,329.0,50,0.0,209.0
I,329.0,37,0.0,71.0
I,329.0,25,0.0,28.0
I,329.0,12,0.0,2.0
I,329.0,0,0.0,0.0
I,330.0,95,0.0,3526.0
I,330.0,87,0.0,2942.0
I,330.0,75,0.0,1714.0
I,330.0,62,0.0,572.0
I,330.0,50,0.0,215.0
I,330.0,37,0.0,74.0
I,330.0,25,0.0,27.0
I,330.0,12,0.0,2.0
I,330.0,0,0.0,0.0
I,331.0,95,0.0,3522.0
I,331.0,87,0.0,2949.0
I,331.0,75,0.0,1769.0
I,331.0,62,0.0,600.0
I,331.0,50,0.0,223.0
I,331.0,37,0.0,78.0
I,331.0,25,0.0,28.0
I,331.0,12,0.0,2.0
I,331.0,0,0.0,0.0
I,332.0,95,0.0,3519.0
I,332.0,87,0.0,2955.0
I,332.0,75,0.0,1824.0
I,332.0,62,0.0,624.0
I,332.0,50,0.0,229.0
I,332.0,37,0.0,81.0
I,332.0,25,0.0,29.0
I,332.0,12,0.0,2.0
I,332.0,0,0.0,0.0
I,333.0,95,0.0,3517.0
I,333.0,87,0.0,2959.0
I,333.0,75,0.0,1877.0
I,333.0,62,0.0,642.0
I,333.0,50,0.0,238.0
I,333.0,37,0.0,83.0
I,333.0,25,0.0,28.0
I,333.0,12,0.0,2.0
I,333.0,0,0.0,0.0
I,334.0,95,0.0,3514.0
I,334.0,87,0.0,2963.0
I,334.0,75,0.0,1927.0
I,334.0,62,0.0,662.0
I,334.0,50,0.0,250.0
I,334.0,37,0.0,85.0
I,334.0,25,0.0,29.0
I,334.0,12,0.0,2.0
I,334.0,0,0.0,0.0
I,335.0,95,0.0,3512.0
I,335.0,87,0.0,2965.0
I,335.0,75,0.0,1973.0
I,335.0,62,0.0,692.0
I,335.0,50,0.0,255.0
I,335.0,37,0.0,90.0
I,335.0,25,0.0,29.0
I,335.0,12,0.0,1.0
I,335.0,0,0.0,0.0
I,336.0,95,0.0,3511.0
I,336.0,87,0.0,2966.0
I,336.0,75,0.0,2015.0
I,336.0,62,0.0,721.0
I,336.0,50,0.0,266.0
I,336.0,37,0.0,94.0
I,336.0,25,0.0,30.0
I,336.0,12,0.0,1.0
I,336.0,0,0.0,0.0
I,337.0,95,0.0,3511.0
I,337.0,87,0.0,2965.0
I,337.0,75,0.0,2051.0
I,337.0,62,0.0,748.0
I,337.0,50,0.0,278.0
I,337.0,37,0.0,99.0
I,337.0,25,0.0,30.0
I,337.0,12,0.0,1.0
I,337.0,0,0.0,0.0
I,338.0,95,0.0,3511.0
I,338.0,87,0.0,2962.0
I,338.0,75,0.0,2084.0
I,338.0,62,0.0,770.0
I,338.0,50,0.0,290.0
I,338.0,37,0.0,102.0
I,338.0,25,0.0,31.0
I,338.0,12,0.0,1.0
I,338.0,0,0.0,0.0
I,339.0,95,0.0,3512.0
I,339.0,87,0.0,2959.0
I,339.0,75,0.0,2113.0
I,339.0,62,0.0,805.0
I,339.0,50,0.0,301.0
I,339.0,37,0.0,104.0
I,339.0,25,0.0,31.0
I,339.0,12,0.0,1.0
I,339.0,0,0.0,0.0
I,340.0,95,0.0,3513.0
I,340.0,87,0.0,2954.0
I,340.0,75,0.0,2138.0
I,340.0,62,0.0,842.0
I,340.0,50,0.0,314.0
I,340.0,37,0.0,106.0
I,340.0,25,0.0,33.0
I,340.0,12,0.0,1.0
I,340.0,0,0.0,0.0
I,341.0,95,0.0,3515.0
I,341.0,87,0.0,2949.0
I,341.0,75,0.0,2161.0
I,341.0,62,0.0,878.0
I,341.0,50,0.0,324.0
I,341.0,37,0.0,107.0
I,341.0,25,0.0,34.0
I,341.0,12,0.0,1.0
I,341.0,0,0.0,0.0
I,342.0,95,0.0,3517.0
I,342.0,87,0.0,2945.0
I,342.0,75,0.0,2181.0
I,342.0,62,0.0,914.0
I,342.0,50,0.0,335.0
I,342.0,37,0.0,109.0
I,342.0,25,0.0,35.0
I,342.0,12,0.0,1.0
I,342.0,0,0.0,0.0
I,343.0,95,0.0,3520.0
I,343.0,87,0.0,2943.0
I,343.0,75,0.0,2200.0
I,343.0,62,0.0,947.0
I,343.0,50,0.0,350.0
I,343.0,37,0.0,112.0
I,343.0,25,0.0,36.0
I,343.0,12,0.0,1.0
I,343.0,0,0.0,0.0
I,344.0,95,0.0,3522.0
I,344.0,87,0.0,2942.0
I,344.0,75,0.0,2217.0
I,344.0,62,0.0,994.0
I,344.0,50,0.0,363.0
I,344.0,37,0.0,117.0
I,344.0,25,0.0,37.0
I,344.0,12,0.0,1.0
I,344.0,0,0.0,0.0
I,345.0,95,0.0,3524.0
I,345.0,87,0.0,2943.0
I,345.0,75,0.0,2233.0
I,345.0,62,0.0,1034.0
I,345.0,50,0.0,381.0
I,345.0,37,0.0,117.0
I,345.0,25,0.0,38.0
I,345.0,12,0.0,0.0
I,345.0,0,0.0,0.0
I,346.0,95,0.0,3526.0
I,346.0,87,0.0,2946.0
I,346.0,75,0.0,2248.0
I,346.0,62,0.0,1072.0
I,346.0,50,0.0,397.0
I,346.0,37,0.0,120.0
I,346.0,25,0.0,40.0
I,346.0,12,0.0,0.0
I,346.0,0,0.0,0.0
I,347.0,95,0.0,3528.0
I,347.0,87,0.0,2951.0
I,347.0,75,0.0,2262.0
I,347.0,62,0.0,1113.0
I,347.0,50,0.0,412.0
I,347.0,37,0.0,128.0
I,347.0,25,0.0,40.0
I,347.0,12,0.0,0.0
I,347.0,0,0.0,0.0
I,348.0,95,0.0,3530.0
I,348.0,87,0.0,2957.0
I,348.0,75,0.0,2274.0
I,348.0,62,0.0,1155.0
I,348.0,50,0.0,430.0
I,348.0,37,0.0,132.0
I,348.0,25,0.0,41.0
I,348.0,12,0.0,0.0
I,348.0,0,0.0,0.0
I,349.0,95,0.0,3533.0
I,349.0,87,0.0,2964.0
I,349.0,75,0.0,2286.0
I,349.0,62,0.0,1200.0
I,349.0,50,0.0,448.0
I,349.0,37,0.0,141.0
I,349.0,25,0.0,42.0
I,349.0,12,0.0,0.0
I,349.0,0,0.0,0.0
I,350.0,95,0.0,3536.0
I,350.0,87,0.0,2971.0
I,350.0,75,0.0,2298.0
I,350.0,62,0.0,1247.0
I,350.0,50,0.0,470.0
I,350.0,37,0.0,145.0
I,350.0,25,0.0,43.0
I,350.0,12,0.0,0.0
I,350.0,0,0.0,0.0
I,351.0,95,0.0,3540.0
I,351.0,87,0.0,2980.0
I,351.0,75,0.0,2309.0
I,351.0,62,0.0,1294.0
I,351.0,50,0.0,489.0
I,351.0,37,0.0,152.0
I,351.0,25,0.0,44.0
I,351.0,12,0.0,0.0
I,351.0,0,0.0,0.0
I,352.0,95,0.0,3545.0
I,352.0,87,0.0,2988.0
I,352.0,75,0.0,2320.0
I,352.0,62,0.0,1342.0
I,352.0,50,0.0,507.0
I,352.0,37,0.0,160.0
I,352.0,25,0.0,45.0
I,352.0,12,0.0,0.0
I,352.0,0,0.0,0.0
I,353.0,95,0.0,3550.0
I,353.0,87,0.0,2997.0
I,353.0,75,0.0,2331.0
I,353.0,62,0.0,1392.0
I,353.0,50,0.0,524.0
I,353.0,37,0.0,168.0
I,353.0,25,0.0,46.0
I,353.0,12,0.0,0.0
I,353.0,0,0.0,0.0
I,354.0,95,0.0,3556.0
I,354.0,87,0.0,3006.0
I,354.0,75,0.0,2342.0
I,354.0,62,0.0,1441.0
I,354.0,50,0.0,546.0
I,354.0,37,0.0,173.0
I,354.0,25,0.0,47.0
I,354.0,12,0.0,0.0
I,354.0,0,0.0,0.0
I,355.0,95,0.0,3562.0
I,355.0,87,0.0,3015.0
I,355.0,75,0.0,2351.0
I,355.0,62,0.0,1490.0
I,355.0,50,0.0,565.0
I,355.0,37,0.0,180.0
I,355.0,25,0.0,48.0
I,355.0,12,0.0,0.0
I,355.0,0,0.0,0.0
I,356.0,95,0.0,3569.0
I,356.0,87,0.0,3026.0
I,356.0,75,0.0,2360.0
I,356.0,62,0.0,1536.0
I,356.0,50,0.0,586.0
I,356.0,37,0.0,187.0
I,356.0,25,0.0,49.0
I,356.0,12,0.0,0.0
I,356.0,0,0.0,0.0
I,357.0,95,0.0,3575.0
I,357.0,87,0.0,3037.0
I,357.0,75,0.0,2367.0
I,357.0,62,0.0,1579.0
I,357.0,50,0.0,610.0
I,357.0,37,0.0,190.0
I,357.0,25,0.0,50.0
I,357.0,12,0.0,0.0
I,357.0,0,0.0,0.0
I,358.0,95,0.0,3581.0
I,358.0,87,0.0,3050.0
I,358.0,75,0.0,2374.0
I,358.0,62,0.0,1618.0
I,358.0,50,0.0,632.0
I,358.0,37,0.0,197.0
I,358.0,25,0.0,52.0
I,358.0,12,0.0,0.0
I,358.0,0,0.0,0.0
I,359.0,95,0.0,3588.0
I,359.0,87,0.0,3065.0
I,359.0,75,0.0,2379.0
I,359.0,62,0.0,1652.0
I,359.0,50,0.0,654.0
I,359.0,37,0.0,199.0
I,359.0,25,0.0,51.0
I,359.0,12,0.0,0.0
I,359.0,0,0.0,0.0
I,360.0,95,0.0,3595.0
I,360.0,87,0.0,3080.0
I,360.0,75,0.0,2385.0
I,360.0,62,0.0,1681.0
I,360.0,50,0.0,673.0
I,360.0,37,0.0,204.0
I,360.0,25,0.0,54.0
I,360.0,12,0.0,0.0
I,360.0,0,0.0,0.0
I,361.0,95,0.0,3603.0
I,361.0,87,0.0,3096.0
I,361.0,75,0.0,2390.0
I,361.0,62,0.0,1707.0
I,361.0,50,0.0,698.0
I,361.0,37,0.0,215.0
I,361.0,25,0.0,55.0
I,361.0,12,0.0,0.0
I,361.0,0,0.0,0.0
I,362.0,95,0.0,3612.0
I,362.0,87,0.0,3111.0
I,362.0,75,0.0,2394.0
I,362.0,62,0.0,1729.0
I,362.0,50,0.0,724.0
I,362.0,37,0.0,225.0
I,362.0,25,0.0,58.0
I,362.0,12,0.0,0.0
I,362.0,0,0.0,0.0
I,363.0,95,0.0,3622.0
I,363.0,87,0.0,3126.0
I,363.0,75,0.0,2399.0
I,363.0,62,0.0,1748.0
I,363.0,50,0.0,743.0
I,363.0,37,0.0,241.0
I,363.0,25,0.0,59.0
I,363.0,12,0.0,0.0
I,363.0,0,0.0,0.0
I,364.0,95,0.0,3634.0
I,364.0,87,0.0,3140.0
I,364.0,75,0.0,2404.0
I,364.0,62,0.0,1763.0
I,364.0,50,0.0,764.0
I,364.0,37,0.0,247.0
I,364.0,25,0.0,63.0
I,364.0,12,0.0,0.0
I,364.0,0,0.0,0.0
I,365.0,95,0.0,3647.0
I,365.0,87,0.0,3153.0
I,365.0,75,0.0,2409.0
I,365.0,62,0.0,1775.0
I,365.0,50,0.0,797.0
I,365.0,37,0.0,256.0
I,365.0,25,0.0,62.0
I,365.0,12,0.0,0.0
I,365.0,0,0.0,0.0
I,366.0,95,0.0,3660.0
I,366.0,87,0.0,3164.0
I,366.0,75,0.0,2415.0
I,366.0,62,0.0,1785.0
I,366.0,50,0.0,823.0
I,366.0,37,0.0,268.0
I,366.0,25,0.0,62.0
I,366.0,12,0.0,0.0
I,366.0,0,0.0,0.0
I,367.0,95,0.0,3675.0
I,367.0,87,0.0,3173.0
I,367.0,75,0.0,2422.0
I,367.0,62,0.0,1792.0
I,367.0,50,0.0,856.0
I,367.0,37,0.0,276.0
I,367.0,25,0.0,64.0
I,367.0,12,0.0,0.0
I,367.0,0,0.0,0.0
I,368.0,95,0.0,3689.0
I,368.0,87,0.0,3180.0
I,368.0,75,0.0,2431.0
I,368.0,62,0.0,1797.0
I,368.0,50,0.0,887.0
I,368.0,37,0.0,286.0
I,368.0,25,0.0,68.0
I,368.0,12,0.0,0.0
I,368.0,0,0.0,0.0
I,369.0,95,0.0,3704.0
I,369.0,87,0.0,3186.0
I,369.0,75,0.0,2441.0
I,369.0,62,0.0,1801.0
I,369.0,50,0.0,919.0
I,369.0,37,0.0,297.0
I,369.0,25,0.0,69.0
I,369.0,12,0.0,0.0
I,369.0,0,0.0,0.0
I,370.0,95,0.0,3717.0
I,370.0,87,0.0,3191.0
I,370.0,75,0.0,2454.0
I,370.0,62,0.0,1804.0
I,370.0,50,0.0,958.0
I,370.0,37,0.0,310.0
I,370.0,25,0.0,68.0
I,370.0,12,0.0,0.0
I,370.0,0,0.0,0.0
I,371.0,95,0.0,3730.0
I,371.0,87,0.0,3195.0
I,371.0,75,0.0,2467.0
I,371.0,62,0.0,1807.0
I,371.0,50,0.0,1002.0
I,371.0,37,0.0,326.0
I,371.0,25,0.0,70.0
I,371.0,12,0.0,0.0
I,371.0,0,0.0,0.0
I,372.0,95,0.0,3741.0
I,372.0,87,0.0,3198.0
I,372.0,75,0.0,2481.0
I,372.0,62,0.0,1808.0
I,372.0,50,0.0,1040.0
I,372.0,37,0.0,343.0
I,372.0,25,0.0,72.0
I,372.0,12,0.0,0.0
I,372.0,0,0.0,0.0
I,373.0,95,0.0,3751.0
I,373.0,87,0.0,3200.0
I,373.0,75,0.0,2495.0
I,373.0,62,0.0,1809.0
I,373.0,50,0.0,1077.0
I,373.0,37,0.0,356.0
I,373.0,25,0.0,73.0
I,373.0,12,0.0,0.0
I,373.0,0,0.0,0.0
I,374.0,95,0.0,3759.0
I,374.0,87,0.0,3203.0
I,374.0,75,0.0,2509.0
I,374.0,62,0.0,1811.0
I,374.0,50,0.0,1113.0
I,374.0,37,0.0,374.0
I,374.0,25,0.0,76.0
I,374.0,12,0.0,0.0
I,374.0,0,0.0,0.0
I,375.0,95,0.0,3766.0
I,375.0,87,0.0,3207.0
I,375.0,75,0.0,2523.0
I,375.0,62,0.0,1813.0
I,375.0,50,0.0,1152.0
I,375.0,37,0.0,389.0
I,375.0,25,0.0,78.0
I,375.0,12,0.0,0.0
I,375.0,0,0.0,0.0
I,376.0,95,0.0,3771.0
I,376.0,87,0.0,3211.0
I,376.0,75,0.0,2535.0
I,376.0,62,0.0,1816.0
I,376.0,50,0.0,1193.0
I,376.0,37,0.0,403.0
I,376.0,25,0.0,83.0
I,376.0,12,0.0,0.0
I,376.0,0,0.0,0.0
I,377.0,95,0.0,3775.0
I,377.0,87,0.0,3216.0
I,377.0,75,0.0,2546.0
I,377.0,62,0.0,1820.0
I,377.0,50,0.0,1231.0
I,377.0,37,0.0,422.0
I,377.0,25,0.0,84.0
I,377.0,12,0.0,0.0
I,377.0,0,0.0,0.0
I,378.0,95,0.0,3778.0
I,378.0,87,0.0,3221.0
I,378.0,75,0.0,2556.0
I,378.0,62,0.0,1825.0
I,378.0,50,0.0,1267.0
I,378.0,37,0.0,441.0
I,378.0,25,0.0,88.0
I,378.0,12,0.0,0.0
I,378.0,0,0.0,0.0
I,379.0,95,0.0,3779.0
I,379.0,87,0.0,3227.0
I,379.0,75,0.0,2565.0
I,379.0,62,0.0,1828.0
I,379.0,50,0.0,1297.0
I,379.0,37,0.0,451.0
I,379.0,25,0.0,92.0
I,379.0,12,0.0,0.0
I,379.0,0,0.0,0.0
I,380.0,95,0.0,3781.0
I,380.0,87,0.0,3234.0
I,380.0,75,0.0,2572.0
I,380.0,62,0.0,1830.0
I,380.0,50,0.0,1321.0
I,380.0,37,0.0,468.0
I,380.0,25,0.0,93.0
I,380.0,12,0.0,0.0
I,380.0,0,0.0,0.0
I,381.0,95,0.0,3781.0
I,381.0,87,0.0,3240.0
I,381.0,75,0.0,2577.0
I,381.0,62,0.0,1831.0
I,381.0,50,0.0,1340.0
I,381.0,37,0.0,482.0
I,381.0,25,0.0,97.0
I,381.0,12,0.0,0.0
I,381.0,0,0.0,0.0
I,382.0,95,0.0,3782.0
I,382.0,87,0.0,3245.0
I,382.0,75,0.0,2581.0
I,382.0,62,0.0,1831.0
I,382.0,50,0.0,1355.0
I,382.0,37,0.0,503.0
I,382.0,25,0.0,100.0
I,382.0,12,0.0,0.0
I,382.0,0,0.0,0.0
I,383.0,95,0.0,3783.0
I,383.0,87,0.0,3251.0
I,383.0,75,0.0,2584.0
I,383.0,62,0.0,1831.0
I,383.0,50,0.0,1366.0
I,383.0,37,0.0,527.0
I,383.0,25,0.0,104.0
I,383.0,12,0.0,0.0
I,383.0,0,0.0,0.0
I,384.0,95,0.0,3784.0
I,384.0,87,0.0,3256.0
I,384.0,75,0.0,2587.0
I,384.0,62,0.0,1832.0
I,384.0,50,0.0,1375.0
I,384.0,37,0.0,550.0
I,384.0,25,0.0,110.0
I,384.0,12,0.0,0.0
I,384.0,0,0.0,0.0
I,385.0,95,0.0,3785.0
I,385.0,87,0.0,3260.0
I,385.0,75,0.0,2591.0
I,385.0,62,0.0,1834.0
I,385.0,50,0.0,1385.0
I,385.0,37,0.0,572.0
I,385.0,25,0.0,116.0
I,385.0,12,0.0,0.0
I,385.0,0,0.0,0.0
I,386.0,95,0.0,3787.0
I,386.0,87,0.0,3263.0
I,386.0,75,0.0,2595.0
I,386.0,62,0.0,1837.0
I,386.0,50,0.0,1395.0
I,386.0,37,0.0,595.0
I,386.0,25,0.0,117.0
I,386.0,12,0.0,0.0
I,386.0,0,0.0,0.0
I,387.0,95,0.0,3789.0
I,387.0,87,0.0,3266.0
I,387.0,75,0.0,2599.0
I,387.0,62,0.0,1840.0
I,387.0,50,0.0,1405.0
I,387.0,37,0.0,608.0
I,387.0,25,0.0,121.0
I,387.0,12,0.0,0.0
I,387.0,0,0.0,0.0
I,388.0,95,0.0,3791.0
I,388.0,87,0.0,3268.0
I,388.0,75,0.0,2602.0
I,388.0,62,0.0,1844.0
I,388.0,50,0.0,1416.0
I,388.0,37,0.0,626.0
I,388.0,25,0.0,125.0
I,388.0,12,0.0,0.0
I,388.0,0,0.0,0.0
I,389.0,95,0.0,3794.0
I,389.0,87,0.0,3269.0
I,389.0,75,0.0,2605.0
I,389.0,62,0.0,1848.0
I,389.0,50,0.0,1428.0
I,389.0,37,0.0,650.0
I,389.0,25,0.0,129.0
I,389.0,12,0.0,0.0
I,389.0,0,0.0,0.0
I,390.0,95,0.0,3797.0
I,390.0,87,0.0,3269.0
I,390.0,75,0.0,2606.0
I,390.0,62,0.0,1851.0
I,390.0,50,0.0,1439.0
I,390.0,37,0.0,680.0
I,390.0,25,0.0,137.0
I,390.0,12,0.0,0.0
I,390.0,0,0.0,0.0
I,391.0,95,0.0,3800.0
I,391.0,87,0.0,3269.0
I,391.0,75,0.0,2605.0
I,391.0,62,0.0,1854.0
I,391.0,50,0.0,1449.0
I,391.0,37,0.0,716.0
I,391.0,25,0.0,141.0
I,391.0,12,0.0,0.0
I,391.0,0,0.0,0.0
I,392.0,95,0.0,3803.0
I,392.0,87,0.0,3268.0
I,392.0,75,0.0,2602.0
I,392.0,62,0.0,1858.0
I,392.0,50,0.0,1459.0
I,392.0,37,0.0,738.0
I,392.0,25,0.0,146.0
I,392.0,12,0.0,0.0
I,392.0,0,0.0,0.0
I,393.0,95,0.0,3806.0
I,393.0,87,0.0,3267.0
I,393.0,75,0.0,2597.0
I,393.0,62,0.0,1862.0
I,393.0,50,0.0,1467.0
I,393.0,37,0.0,759.0
I,393.0,25,0.0,153.0
I,393.0,12,0.0,0.0
I,393.0,0,0.0,0.0
I,394.0,95,0.0,3808.0
I,394.0,87,0.0,3266.0
I,394.0,75,0.0,2592.0
I,394.0,62,0.0,1868.0
I,394.0,50,0.0,1473.0
I,394.0,37,0.0,799.0
I,394.0,25,0.0,157.0
I,394.0,12,0.0,0.0
I,394.0,0,0.0,0.0
I,395.0,95,0.0,3809.0
I,395.0,87,0.0,3264.0
I,395.0,75,0.0,2586.0
I,395.0,62,0.0,1876.0
I,395.0,50,0.0,1478.0
I,395.0,37,0.0,836.0
I,395.0,25,0.0,165.0
I,395.0,12,0.0,0.0
I,395.0,0,0.0,0.0
I,396.0,95,0.0,3808.0
I,396.0,87,0.0,3261.0
I,396.0,75,0.0,2581.0
I,396.0,62,0.0,1885.0
I,396.0,50,0.0,1482.0
I,396.0,37,0.0,875.0
I,396.0,25,0.0,175.0
I,396.0,12,0.0,0.0
I,396.0,0,0.0,0.0
I,397.0,95,0.0,3807.0
I,397.0,87,0.0,3258.0
I,397.0,75,0.0,2576.0
I,397.0,62,0.0,1896.0
I,397.0,50,0.0,1484.0
I,397.0,37,0.0,905.0
I,397.0,25,0.0,179.0
I,397.0,12,0.0,0.0
I,397.0,0,0.0,0.0
I,398.0,95,0.0,3804.0
I,398.0,87,0.0,3253.0
I,398.0,75,0.0,2572.0
I,398.0,62,0.0,1907.0
I,398.0,50,0.0,1486.0
I,398.0,37,0.0,936.0
I,398.0,25,0.0,186.0
I,398.0,12,0.0,0.0
I,398.0,0,0.0,0.0
I,399.0,95,0.0,3800.0
I,399.0,87,0.0,3247.0
I,399.0,75,0.0,2570.0
I,399.0,62,0.0,1918.0
I,399.0,50,0.0,1488.0
I,399.0,37,0.0,970.0
I,399.0,25,0.0,194.0
I,399.0,12,0.0,0.0
I,399.0,0,0.0,0.0
I,400.0,95,0.0,3794.0
I,400.0,87,0.0,3240.0
I,400.0,75,0.0,2568.0
I,400.0,62,0.0,1929.0
I,400.0,50,0.0,1489.0
I,400.0,37,0.0,1014.0
I,400.0,25,0.0,199.0
I,400.0,12,0.0,0.0
I,400.0,0,0.0,0.0
